sample,species_confirmed,Latitude,Longitude,leaf_age,biological_rep,site_revised,date
RH039,aca_sp,-32.96407,146.16016,old,3,NSW_Round_Hill,150405
RH035,aca_sp,-32.96407,146.16016,mid,2,NSW_Round_Hill,150405
RH034,aca_sp,-32.96407,146.16016,new,2,NSW_Round_Hill,150405
RH031,aca_sp,-32.96407,146.16016,new,1,NSW_Round_Hill,150405
RH040,aca_sp,-32.96407,146.16016,mid,1,NSW_Round_Hill,150405
RH037,aca_sp,-32.96407,146.16016,new,3,NSW_Round_Hill,150405
RH041,aca_sp,-32.96407,146.16016,old,1,NSW_Round_Hill,150405
RH038,aca_sp,-32.96407,146.16016,mid,3,NSW_Round_Hill,150405
RH036,aca_sp,-32.96407,146.16016,old,2,NSW_Round_Hill,150405
RH021,acaane,-32.96394,146.16149,old,3,NSW_Round_Hill,150405
RH015,acaane,-32.96394,146.16149,old,1,NSW_Round_Hill,150405
RH014,acaane,-32.96394,146.16149,mid,1,NSW_Round_Hill,150405
RH019,acaane,-32.96394,146.16149,new,3,NSW_Round_Hill,150405
RH013,acaane,-32.96394,146.16149,new,1,NSW_Round_Hill,150405
RH018,acaane,-32.96394,146.16149,old,2,NSW_Round_Hill,150405
RH017,acaane,-32.96394,146.16149,mid,2,NSW_Round_Hill,150405
RH016,acaane,-32.96394,146.16149,new,2,NSW_Round_Hill,150405
RH020,acaane,-32.96394,146.16149,mid,3,NSW_Round_Hill,150405
YG090,acabin,-32.7817,150.9291,new,1,NSW_Yengo_N,140525
YG088,acabin,-32.7817,150.9291,old,1,NSW_Yengo_N,140525
YG089,acabin,-32.7817,150.9291,mid,1,NSW_Yengo_N,140525
YG087,acabin,-32.7817,150.9291,sen,1,NSW_Yengo_N,140525
YG105,acabin,-32.7817,150.9291,new,2,NSW_Yengo_N,140607
YG103,acabin,-32.7817,150.9291,old,2,NSW_Yengo_N,140607
YG104,acabin,-32.7817,150.9291,mid,2,NSW_Yengo_N,140607
YG102,acabin,-32.7817,150.9291,sen,2,NSW_Yengo_N,140607
YG141,acabin,-32.7817,150.9291,new,3,NSW_Yengo_N,140608
YG140,acabin,-32.7817,150.9291,mid,3,NSW_Yengo_N,140608
YG139,acabin,-32.7817,150.9291,old,3,NSW_Yengo_N,140608
YG138,acabin,-32.7817,150.9291,sen,3,NSW_Yengo_N,140608
YG158,acabin,-32.7817,150.9291,new,4,NSW_Yengo_N,140609
YG156,acabin,-32.7817,150.9291,old,4,NSW_Yengo_N,140609
YG157,acabin,-32.7817,150.9291,mid,4,NSW_Yengo_N,140609
YG155,acabin,-32.7817,150.9291,sen,4,NSW_Yengo_N,140609
QL052,acacel,-17.37241,145.74322,old,2,QLD_Bartlefrere,150806
QL054,acacel,-17.36894,145.74353,new,3,QLD_Bartlefrere,150806
QL050,acacel,-17.37241,145.74322,new,2,QLD_Bartlefrere,150806
QL055,acacel,-17.36894,145.74353,mid,3,QLD_Bartlefrere,150806
QL048,acacel,-17.37241,145.74322,old,1,QLD_Bartlefrere,150806
QL056,acacel,-17.36894,145.74353,old,3,QLD_Bartlefrere,150806
QL047,acacel,-17.37241,145.74322,mid,1,QLD_Bartlefrere,150806
QL046,acacel,-17.37241,145.74322,new,1,QLD_Bartlefrere,150806
QL051,acacel,-17.37241,145.74322,mid,2,QLD_Bartlefrere,150806
QL049,acacel,-17.37241,145.74322,sen,1,QLD_Bartlefrere,150806
QL057,acacel,-17.36894,145.74353,sen,3,QLD_Bartlefrere,150806
QL053,acacel,-17.37241,145.74322,sen,2,QLD_Bartlefrere,150806
QL390,acacol,-18.16105,142.21069,old,1,QLD_Croydon,150823
QL389,acacol,-18.16105,142.21069,mid,1,QLD_Croydon,150823
QL388,acacol,-18.16105,142.21069,new,1,QLD_Croydon,150823
QL395,acacol,-18.16105,142.21069,mid,3,QLD_Croydon,150823
QL392,acacol,-18.16105,142.21069,mid,2,QLD_Croydon,150823
QL396,acacol,-18.16105,142.21069,old,3,QLD_Croydon,150823
QL394,acacol,-18.16105,142.21069,new,3,QLD_Croydon,150823
QL393,acacol,-18.16105,142.21069,old,2,QLD_Croydon,150823
QL391,acacol,-18.16105,142.21069,new,2,QLD_Croydon,150823
QL382,acacol,-18.16105,142.21069,sen,1,QLD_Croydon,150823
QL384,acacol,-18.16105,142.21069,sen,3,QLD_Croydon,150823
QL383,acacol,-18.16105,142.21069,sen,2,QLD_Croydon,150823
QL192,acacra,-17.92285,146.06817,mid,2,QLD_Mission_Beach,150812
QL196,acacra,-17.92285,146.06817,mid,3,QLD_Mission_Beach,150812
QL188,acacra,-17.92285,146.06817,mid,1,QLD_Mission_Beach,150812
QL189,acacra,-17.92285,146.06817,old,1,QLD_Mission_Beach,150812
QL195,acacra,-17.92285,146.06817,new,3,QLD_Mission_Beach,150812
QL197,acacra,-17.92285,146.06817,old,3,QLD_Mission_Beach,150812
QL187,acacra,-17.92285,146.06817,new,1,QLD_Mission_Beach,150812
QL191,acacra,-17.92285,146.06817,new,2,QLD_Mission_Beach,150812
QL193,acacra,-17.92285,146.06817,old,2,QLD_Mission_Beach,150812
QL194,acacra,-17.92285,146.06817,sen,2,QLD_Mission_Beach,150812
QL198,acacra,-17.92285,146.06817,sen,3,QLD_Mission_Beach,150812
QL190,acacra,-17.92285,146.06817,sen,1,QLD_Mission_Beach,150812
T069,acadea,-42.91482,147.24619,old,3,TAS_The_Springs,150302
T065,acadea,-42.91482,147.24619,mid,2,TAS_The_Springs,150302
T067,acadea,-42.91482,147.24619,new,3,TAS_The_Springs,150302
T066,acadea,-42.91482,147.24619,old,2,TAS_The_Springs,150302
T068,acadea,-42.91482,147.24619,mid,3,TAS_The_Springs,150302
T061,acadea,-42.91482,147.24619,new,1,TAS_The_Springs,150302
T064,acadea,-42.91482,147.24619,new,2,TAS_The_Springs,150302
T063,acadea,-42.91482,147.24619,old,1,TAS_The_Springs,150302
T062,acadea,-42.91482,147.24619,mid,1,TAS_The_Springs,150302
T254,acadea,-42.38633,147.05022,mid,1,TAS_Bothwell,150309
T257,acadea,-42.38633,147.05022,mid,2,TAS_Bothwell,150309
T258,acadea,-42.38633,147.05022,old,2,TAS_Bothwell,150309
T253,acadea,-42.38633,147.05022,new,1,TAS_Bothwell,150309
T256,acadea,-42.38633,147.05022,new,2,TAS_Bothwell,150309
T259,acadea,-42.38633,147.05022,new,3,TAS_Bothwell,150309
T260,acadea,-42.38633,147.05022,mid,3,TAS_Bothwell,150309
T261,acadea,-42.38633,147.05022,old,3,TAS_Bothwell,150309
T255,acadea,-42.38633,147.05022,old,1,TAS_Bothwell,150309
T346,acadec,-42.84638,147.43151,new,2,TAS_Mt_Canopus,150312
T347,acadec,-42.84638,147.43151,mid,2,TAS_Mt_Canopus,150312
T350,acadec,-42.84638,147.43151,mid,3,TAS_Mt_Canopus,150312
T345,acadec,-42.84638,147.43151,old,1,TAS_Mt_Canopus,150312
T343,acadec,-42.84638,147.43151,new,1,TAS_Mt_Canopus,150312
T349,acadec,-42.84638,147.43151,new,3,TAS_Mt_Canopus,150312
T351,acadec,-42.84638,147.43151,old,3,TAS_Mt_Canopus,150312
T348,acadec,-42.84638,147.43151,old,2,TAS_Mt_Canopus,150312
T344,acadec,-42.84638,147.43151,mid,1,TAS_Mt_Canopus,150312
YG094,acafal,-32.7817,150.9291,new,1,NSW_Yengo_N,140525
YG092,acafal,-32.7817,150.9291,old,1,NSW_Yengo_N,140525
YG093,acafal,-32.7817,150.9291,mid,1,NSW_Yengo_N,140525
YG091,acafal,-32.7817,150.9291,sen,1,NSW_Yengo_N,140525
YG107,acafal,-32.7817,150.9291,new,2,NSW_Yengo_N,140607
YG109,acafal,-32.7817,150.9291,old,2,NSW_Yengo_N,140607
YG108,acafal,-32.7817,150.9291,mid,2,NSW_Yengo_N,140607
YG106,acafal,-32.7817,150.9291,sen,2,NSW_Yengo_N,140607
YG147,acafal,-32.7817,150.9291,new,3,NSW_Yengo_N,140608
YG146,acafal,-32.7817,150.9291,mid,3,NSW_Yengo_N,140608
YG143,acafal,-32.7817,150.9291,old,3,NSW_Yengo_N,140608
YG145,acafal,-32.7817,150.9291,old,3,NSW_Yengo_N,140608
YG142,acafal,-32.7817,150.9291,sen,3,NSW_Yengo_N,140608
YG144,acafal,-32.7817,150.9291,sen,3,NSW_Yengo_N,140608
YG161,acafal,-32.7817,150.9291,mid,4,NSW_Yengo_N,140609
YG160,acafal,-32.7817,150.9291,old,4,NSW_Yengo_N,140609
YG162,acafal,-32.7817,150.9291,new,4,NSW_Yengo_N,140609
YG159,acafal,-32.7817,150.9291,sen,4,NSW_Yengo_N,140609
QL126,acafla,-18.43758,146.13636,new,3,QLD_Cardwell_S,150809
QL119,acafla,-18.43758,146.13636,mid,1,QLD_Cardwell_S,150809
QL118,acafla,-18.43758,146.13636,new,1,QLD_Cardwell_S,150809
QL120,acafla,-18.43758,146.13636,old,1,QLD_Cardwell_S,150809
QL127,acafla,-18.43758,146.13636,mid,3,QLD_Cardwell_S,150809
QL124,acafla,-18.43758,146.13636,old,2,QLD_Cardwell_S,150809
QL123,acafla,-18.43758,146.13636,mid,2,QLD_Cardwell_S,150809
QL122,acafla,-18.43758,146.13636,new,2,QLD_Cardwell_S,150809
QL128,acafla,-18.43758,146.13636,old,3,QLD_Cardwell_S,150809
QL125,acafla,-18.43758,146.13636,sen,2,QLD_Cardwell_S,150809
QL121,acafla,-18.43758,146.13636,sen,1,QLD_Cardwell_S,150809
QL129,acafla,-18.43758,146.13636,sen,3,QLD_Cardwell_S,150809
T368,acagen,-43.0403,147.94647,old,2,TAS_Tasman_Peninsula,150312
T366,acagen,-43.0403,147.94647,new,2,TAS_Tasman_Peninsula,150312
T363,acagen,-43.0403,147.94647,mid,1,TAS_Tasman_Peninsula,150312
T362,acagen,-43.0403,147.94647,new,1,TAS_Tasman_Peninsula,150312
T371,acagen,-43.0403,147.94647,old,3,TAS_Tasman_Peninsula,150312
T370,acagen,-43.0403,147.94647,mid,3,TAS_Tasman_Peninsula,150312
T367,acagen,-43.0403,147.94647,mid,2,TAS_Tasman_Peninsula,150312
T369,acagen,-43.0403,147.94647,new,3,TAS_Tasman_Peninsula,150312
T364,acagen,-43.0403,147.94647,old,1,TAS_Tasman_Peninsula,150312
T365,acagen,-43.0403,147.94647,sen,1,TAS_Tasman_Peninsula,150312
QL428,acahem,-19.04745,138.8575,old,3,QLD_Lawn_Hill,150825
QL419,acahem,-19.04745,138.8575,mid,1,QLD_Lawn_Hill,150825
QL418,acahem,-19.04745,138.8575,new,1,QLD_Lawn_Hill,150825
QL424,acahem,-19.04745,138.8575,old,2,QLD_Lawn_Hill,150825
QL427,acahem,-19.04745,138.8575,mid,3,QLD_Lawn_Hill,150825
QL420,acahem,-19.04745,138.8575,old,1,QLD_Lawn_Hill,150825
QL422,acahem,-19.04745,138.8575,new,2,QLD_Lawn_Hill,150825
QL426,acahem,-19.04745,138.8575,new,3,QLD_Lawn_Hill,150825
QL423,acahem,-19.04745,138.8575,mid,2,QLD_Lawn_Hill,150825
QL421,acahem,-19.04745,138.8575,sen,1,QLD_Lawn_Hill,150825
QL429,acahem,-19.04745,138.8575,sen,3,QLD_Lawn_Hill,150825
QL425,acahem,-19.04745,138.8575,sen,2,QLD_Lawn_Hill,150825
QL265,acahol,-18.31625,145.46642,mid,3,QLD_Princess_Hill,150818
QL262,acahol,-18.31625,145.46642,old,2,QLD_Princess_Hill,150818
QL264,acahol,-18.31625,145.46642,new,3,QLD_Princess_Hill,150818
QL266,acahol,-18.31625,145.46642,old,3,QLD_Princess_Hill,150818
QL258,acahol,-18.32728,145.45414,old,1,QLD_Princess_Hill,150818
QL260,acahol,-18.31625,145.46642,new,2,QLD_Princess_Hill,150818
QL257,acahol,-18.32728,145.45414,mid,1,QLD_Princess_Hill,150818
QL256,acahol,-18.32728,145.45414,new,1,QLD_Princess_Hill,150818
QL261,acahol,-18.31625,145.46642,mid,2,QLD_Princess_Hill,150818
QL263,acahol,-18.31625,145.46642,sen,2,QLD_Princess_Hill,150818
QL267,acahol,-18.31625,145.46642,sen,3,QLD_Princess_Hill,150818
QL259,acahol,-18.32728,145.45414,sen,1,QLD_Princess_Hill,150818
YG032,acaimp,-32.7817,150.9291,sen,1,NSW_Yengo_N,140420
YG034,acaimp,-32.7817,150.9291,old,1,NSW_Yengo_N,140420
YG033,acaimp,-32.7817,150.9291,mid,1,NSW_Yengo_N,140420
YG035,acaimp,-32.7817,150.9291,new,1,NSW_Yengo_N,140420
YG096,acaimp,-32.7817,150.9291,old,2,NSW_Yengo_N,140526
YG097,acaimp,-32.7817,150.9291,mid,2,NSW_Yengo_N,140526
YG098,acaimp,-32.7817,150.9291,new,2,NSW_Yengo_N,140526
YG095,acaimp,-32.7817,150.9291,sen,2,NSW_Yengo_N,140526
YG117,acaimp,-32.7817,150.9291,new,3,NSW_Yengo_N,140607
YG115,acaimp,-32.7817,150.9291,old,3,NSW_Yengo_N,140607
YG116,acaimp,-32.7817,150.9291,mid,3,NSW_Yengo_N,140607
YG114,acaimp,-32.7817,150.9291,sen,3,NSW_Yengo_N,140607
YG150,acaimp,-32.7817,150.9291,mid,4,NSW_Yengo_N,140608
YG151,acaimp,-32.7817,150.9291,new,4,NSW_Yengo_N,140608
YG149,acaimp,-32.7817,150.9291,old,4,NSW_Yengo_N,140608
YG148,acaimp,-32.7817,150.9291,sen,4,NSW_Yengo_N,140608
YG153,acaimp,-32.7817,150.9291,mid,5,NSW_Yengo_N,140609
YG152,acaimp,-32.7817,150.9291,old,5,NSW_Yengo_N,140609
YG154,acaimp,-32.7817,150.9291,new,5,NSW_Yengo_N,140609
QL216,acajul,-18.229,145.53618,old,3,QLD_Blencoe_Falls,150815
QL211,acajul,-18.229,145.53618,new,2,QLD_Blencoe_Falls,150815
QL214,acajul,-18.229,145.53618,new,3,QLD_Blencoe_Falls,150815
QL208,acajul,-18.229,145.53618,new,1,QLD_Blencoe_Falls,150815
QL212,acajul,-18.229,145.53618,mid,2,QLD_Blencoe_Falls,150815
QL213,acajul,-18.229,145.53618,old,2,QLD_Blencoe_Falls,150815
QL209,acajul,-18.229,145.53618,mid,1,QLD_Blencoe_Falls,150815
QL215,acajul,-18.229,145.53618,mid,3,QLD_Blencoe_Falls,150815
QL210,acajul,-18.229,145.53618,old,1,QLD_Blencoe_Falls,150815
QL219,acajul,-18.229,145.53618,sen,3,QLD_Blencoe_Falls,150815
QL217,acajul,-18.229,145.53618,sen,1,QLD_Blencoe_Falls,150815
QL218,acajul,-18.229,145.53618,sen,2,QLD_Blencoe_Falls,150815
KG032,acalon,-33.6933,151.14541,new,1,NSW_Kuringai_top,140603
KG031,acalon,-33.6933,151.14541,mid,1,NSW_Kuringai_top,140603
KG030,acalon,-33.6933,151.14541,old,1,NSW_Kuringai_top,140603
KG029,acalon,-33.6933,151.14541,sen,1,NSW_Kuringai_top,140603
KG043,acalon,-33.6933,151.14541,new,2,NSW_Kuringai_top,140604
KG042,acalon,-33.6933,151.14541,mid,2,NSW_Kuringai_top,140604
KG041,acalon,-33.6933,151.14541,old,2,NSW_Kuringai_top,140604
KG040,acalon,-33.6933,151.14541,sen,2,NSW_Kuringai_top,140604
KG090,acalon,-33.6933,151.14541,mid,3,NSW_Kuringai_top,140611
KG091,acalon,-33.6933,151.14541,new,3,NSW_Kuringai_top,140611
KG089,acalon,-33.6933,151.14541,old,3,NSW_Kuringai_top,140611
KG088,acalon,-33.6933,151.14541,sen,3,NSW_Kuringai_top,140611
T384,acalon,-42.84732,147.43592,new,1,TAS_Mt_Canopus,150312
T386,acalon,-42.84732,147.43592,old,1,TAS_Mt_Canopus,150312
T391,acalon,-42.84732,147.43592,old,2,TAS_Mt_Canopus,150312
T389,acalon,-42.84732,147.43592,new,2,TAS_Mt_Canopus,150312
T394,acalon,-42.84732,147.43592,mid,3,TAS_Mt_Canopus,150312
T390,acalon,-42.84732,147.43592,mid,2,TAS_Mt_Canopus,150312
T395,acalon,-42.84732,147.43592,old,3,TAS_Mt_Canopus,150312
T385,acalon,-42.84732,147.43592,mid,1,TAS_Mt_Canopus,150312
T393,acalon,-42.84732,147.43592,new,3,TAS_Mt_Canopus,150312
T396,acalon,-42.84732,147.43592,sen,3,TAS_Mt_Canopus,150312
T392,acalon,-42.84732,147.43592,sen,2,TAS_Mt_Canopus,150312
T387,acalon,-42.84732,147.43592,sen,1,TAS_Mt_Canopus,150312
QL072,acaman,-17.96665,145.96806,old,1,QLD_Mt_Mackay,150808
QL076,acaman,-17.96665,145.96806,old,2,QLD_Mt_Mackay,150808
QL071,acaman,-17.96665,145.96806,mid,1,QLD_Mt_Mackay,150808
QL078,acaman,-17.96665,145.96806,new,3,QLD_Mt_Mackay,150808
QL074,acaman,-17.96665,145.96806,new,2,QLD_Mt_Mackay,150808
QL079,acaman,-17.96665,145.96806,mid,3,QLD_Mt_Mackay,150808
QL070,acaman,-17.96665,145.96806,new,1,QLD_Mt_Mackay,150808
QL080,acaman,-17.96665,145.96806,old,3,QLD_Mt_Mackay,150808
QL075,acaman,-17.96665,145.96806,mid,2,QLD_Mt_Mackay,150808
QL081,acaman,-17.96665,145.96806,sen,3,QLD_Mt_Mackay,150808
QL077,acaman,-17.96665,145.96806,sen,2,QLD_Mt_Mackay,150808
QL073,acaman,-17.96665,145.96806,sen,1,QLD_Mt_Mackay,150808
T134,acamel,-42.77492,146.39731,mid,3,TAS_Frodshams_Pass,150306
T133,acamel,-42.77492,146.39731,new,3,TAS_Frodshams_Pass,150306
T128,acamel,-42.77492,146.39731,mid,1,TAS_Frodshams_Pass,150306
T129,acamel,-42.77492,146.39731,old,1,TAS_Frodshams_Pass,150306
T130,acamel,-42.77492,146.39731,new,2,TAS_Frodshams_Pass,150306
T132,acamel,-42.77492,146.39731,old,2,TAS_Frodshams_Pass,150306
T135,acamel,-42.77492,146.39731,old,3,TAS_Frodshams_Pass,150306
T127,acamel,-42.77492,146.39731,new,1,TAS_Frodshams_Pass,150306
T131,acamel,-42.77492,146.39731,mid,2,TAS_Frodshams_Pass,150306
T294,acamel,-42.10667,148.33655,new,3,TAS_Freycinet,150311
T291,acamel,-42.10667,148.33655,mid,2,TAS_Freycinet,150311
T292,acamel,-42.10667,148.33655,old,2,TAS_Freycinet,150311
T288,acamel,-42.10667,148.33655,old,1,TAS_Freycinet,150311
T296,acamel,-42.10667,148.33655,old,3,TAS_Freycinet,150311
T295,acamel,-42.10667,148.33655,mid,3,TAS_Freycinet,150311
T286,acamel,-42.10667,148.33655,new,1,TAS_Freycinet,150311
T290,acamel,-42.10667,148.33655,new,2,TAS_Freycinet,150311
T287,acamel,-42.10667,148.33655,mid,1,TAS_Freycinet,150311
T289,acamel,-42.10667,148.33655,sen,1,TAS_Freycinet,150311
T293,acamel,-42.10667,148.33655,sen,2,TAS_Freycinet,150311
T297,acamel,-42.10667,148.33655,sen,3,TAS_Freycinet,150311
T141,acamuc,-42.75833,146.40609,old,2,TAS_Frodshams_Pass,150306
T144,acamuc,-42.75833,146.40609,old,3,TAS_Frodshams_Pass,150306
T142,acamuc,-42.75833,146.40609,new,3,TAS_Frodshams_Pass,150306
T136,acamuc,-42.75833,146.40609,new,1,TAS_Frodshams_Pass,150306
T143,acamuc,-42.75833,146.40609,mid,3,TAS_Frodshams_Pass,150306
T137,acamuc,-42.75833,146.40609,mid,1,TAS_Frodshams_Pass,150306
T138,acamuc,-42.75833,146.40609,old,1,TAS_Frodshams_Pass,150306
T139,acamuc,-42.75833,146.40609,new,2,TAS_Frodshams_Pass,150306
T140,acamuc,-42.75833,146.40609,mid,2,TAS_Frodshams_Pass,150306
RH089,acaosw,-30.7094,141.87689,new,2,NSW_Fowlers_Gap,150409
RH085,acaosw,-30.7094,141.87689,new,1,NSW_Fowlers_Gap,150409
RH094,acaosw,-30.7094,141.87689,mid,3,NSW_Fowlers_Gap,150409
RH086,acaosw,-30.7094,141.87689,mid,1,NSW_Fowlers_Gap,150409
RH093,acaosw,-30.7094,141.87689,new,3,NSW_Fowlers_Gap,150409
RH095,acaosw,-30.7094,141.87689,old,3,NSW_Fowlers_Gap,150409
RH090,acaosw,-30.7094,141.87689,mid,2,NSW_Fowlers_Gap,150409
RH087,acaosw,-30.7094,141.87689,old,1,NSW_Fowlers_Gap,150409
RH091,acaosw,-30.7094,141.87689,old,2,NSW_Fowlers_Gap,150409
RH092,acaosw,-30.7094,141.87689,sen,3,NSW_Fowlers_Gap,150409
RH088,acaosw,-30.7094,141.87689,sen,2,NSW_Fowlers_Gap,150409
RH084,acaosw,-30.7094,141.87689,sen,1,NSW_Fowlers_Gap,150409
YG011,acapar,-32.78244,150.92318,old,1,NSW_Yengo_N,140419
YG010,acapar,-32.78244,150.92318,mid,1,NSW_Yengo_N,140419
YG009,acapar,-32.78244,150.92318,new,1,NSW_Yengo_N,140419
YG062,acapar,-32.78244,150.92318,old,2,NSW_Yengo_N,140524
YG064,acapar,-32.78244,150.92318,mid,2,NSW_Yengo_N,140524
YG063,acapar,-32.78244,150.92318,new,2,NSW_Yengo_N,140524
YG099,acapar,-32.78244,150.92318,old,3,NSW_Yengo_N,140607
YG100,acapar,-32.78244,150.92318,new,3,NSW_Yengo_N,140607
YG101,acapar,-32.78244,150.92318,mid,3,NSW_Yengo_N,140607
T084,acaric,-42.91482,147.24619,old,1,TAS_The_Springs,150303
T088,acaric,-42.91482,147.24619,new,3,TAS_The_Springs,150303
T087,acaric,-42.91482,147.24619,old,2,TAS_The_Springs,150303
T082,acaric,-42.91482,147.24619,new,1,TAS_The_Springs,150303
T090,acaric,-42.91482,147.24619,old,3,TAS_The_Springs,150303
T085,acaric,-42.91482,147.24619,new,2,TAS_The_Springs,150303
T083,acaric,-42.91482,147.24619,mid,1,TAS_The_Springs,150303
T086,acaric,-42.91482,147.24619,mid,2,TAS_The_Springs,150303
T089,acaric,-42.91482,147.24619,mid,3,TAS_The_Springs,150303
QL370,acashi,-18.21837,142.27066,new,1,QLD_Croydon,150822
QL371,acashi,-18.21837,142.27066,mid,1,QLD_Croydon,150822
QL376,acashi,-18.21837,142.27066,old,2,QLD_Croydon,150822
QL379,acashi,-18.21837,142.27066,mid,3,QLD_Croydon,150822
QL375,acashi,-18.21837,142.27066,mid,2,QLD_Croydon,150822
QL374,acashi,-18.21837,142.27066,new,2,QLD_Croydon,150822
QL380,acashi,-18.21837,142.27066,old,3,QLD_Croydon,150822
QL372,acashi,-18.21837,142.27066,old,1,QLD_Croydon,150822
QL378,acashi,-18.21837,142.27066,new,3,QLD_Croydon,150822
QL373,acashi,-18.21837,142.27066,sen,1,QLD_Croydon,150822
QL377,acashi,-18.21837,142.27066,sen,2,QLD_Croydon,150822
QL381,acashi,-18.21837,142.27066,sen,3,QLD_Croydon,150822
KG016,acasua,-33.6933,151.14541,new,1,NSW_Kuringai_top,140603
KG015,acasua,-33.6933,151.14541,mid,1,NSW_Kuringai_top,140603
KG014,acasua,-33.6933,151.14541,old,1,NSW_Kuringai_top,140603
KG013,acasua,-33.6933,151.14541,sen,1,NSW_Kuringai_top,140603
KG047,acasua,-33.6933,151.14541,new,2,NSW_Kuringai_top,140604
KG046,acasua,-33.6933,151.14541,mid,2,NSW_Kuringai_top,140604
KG045,acasua,-33.6933,151.14541,old,2,NSW_Kuringai_top,140604
KG044,acasua,-33.6933,151.14541,sen,2,NSW_Kuringai_top,140604
KG070,acasua,-33.6933,151.14541,mid,3,NSW_Kuringai_top,140611
KG071,acasua,-33.6933,151.14541,new,3,NSW_Kuringai_top,140611
KG069,acasua,-33.6933,151.14541,old,3,NSW_Kuringai_top,140611
KG068,acasua,-33.6933,151.14541,sen,3,NSW_Kuringai_top,140611
T303,acater,-42.12261,148.34306,old,2,TAS_Freycinet,150311
T305,acater,-42.12261,148.34306,mid,3,TAS_Freycinet,150311
T304,acater,-42.12261,148.34306,new,3,TAS_Freycinet,150311
T301,acater,-42.12261,148.34306,new,2,TAS_Freycinet,150311
T306,acater,-42.12261,148.34306,old,3,TAS_Freycinet,150311
T299,acater,-42.12261,148.34306,mid,1,TAS_Freycinet,150311
T300,acater,-42.12261,148.34306,old,1,TAS_Freycinet,150311
T298,acater,-42.12261,148.34306,new,1,TAS_Freycinet,150311
T302,acater,-42.12261,148.34306,mid,2,TAS_Freycinet,150311
KG004,acauli,-33.6933,151.14541,mid,1,NSW_Kuringai_top,140529
KG003,acauli,-33.6933,151.14541,old,1,NSW_Kuringai_top,140529
KG005,acauli,-33.6933,151.14541,new,1,NSW_Kuringai_top,140529
KG001,acauli,-33.6933,151.14541,sen,1,NSW_Kuringai_top,140529
KG008,acauli,-33.6933,151.14541,new,2,NSW_Kuringai_top,140603
KG007,acauli,-33.6933,151.14541,mid,2,NSW_Kuringai_top,140603
KG006,acauli,-33.6933,151.14541,old,2,NSW_Kuringai_top,140603
KG035,acauli,-33.6933,151.14541,new,3,NSW_Kuringai_top,140604
KG034,acauli,-33.6933,151.14541,mid,3,NSW_Kuringai_top,140604
KG033,acauli,-33.6933,151.14541,old,3,NSW_Kuringai_top,140604
T189,agaodo,-43.03746,146.27668,new,3,TAS_Red_Knoll,150307
T190,agaodo,-43.03746,146.27668,mid,3,TAS_Red_Knoll,150307
T185,agaodo,-43.03746,146.27668,new,2,TAS_Red_Knoll,150307
T186,agaodo,-43.03746,146.27668,mid,2,TAS_Red_Knoll,150307
T182,agaodo,-43.03746,146.27668,mid,1,TAS_Red_Knoll,150307
T183,agaodo,-43.03746,146.27668,old,1,TAS_Red_Knoll,150307
T187,agaodo,-43.03746,146.27668,old,2,TAS_Red_Knoll,150307
T181,agaodo,-43.03746,146.27668,new,1,TAS_Red_Knoll,150307
T191,agaodo,-43.03746,146.27668,old,3,TAS_Red_Knoll,150307
T192,agaodo,-43.03746,146.27668,sen,3,TAS_Red_Knoll,150307
T184,agaodo,-43.03746,146.27668,sen,1,TAS_Red_Knoll,150307
T188,agaodo,-43.03746,146.27668,sen,2,TAS_Red_Knoll,150307
YG017,angcos,-32.78244,150.92318,new,1,NSW_Yengo_N,140419
YG018,angcos,-32.78244,150.92318,mid,1,NSW_Yengo_N,140419
YG019,angcos,-32.78244,150.92318,old,1,NSW_Yengo_N,140419
YG016,angcos,-32.78244,150.92318,sen,1,NSW_Yengo_N,140419
YG082,angcos,-32.78244,150.92318,new,2,NSW_Yengo_N,140525
YG080,angcos,-32.78244,150.92318,old,2,NSW_Yengo_N,140525
YG081,angcos,-32.78244,150.92318,mid,2,NSW_Yengo_N,140525
YG079,angcos,-32.78244,150.92318,sen,2,NSW_Yengo_N,140525
YG078,angcos,-32.78244,150.92318,sen,2,NSW_Yengo_N,140525
YG122,angcos,-32.78244,150.92318,sen,3,NSW_Yengo_N,140607
YG125,angcos,-32.78244,150.92318,new,3,NSW_Yengo_N,140608
YG123,angcos,-32.78244,150.92318,old,3,NSW_Yengo_N,140608
YG124,angcos,-32.78244,150.92318,mid,3,NSW_Yengo_N,140608
KG103,angcos,-33.67856,151.14825,new,1,NSW_Kuringai_bottom,140612
KG102,angcos,-33.67856,151.14825,mid,1,NSW_Kuringai_bottom,140612
KG101,angcos,-33.67856,151.14825,old,1,NSW_Kuringai_bottom,140612
KG100,angcos,-33.67856,151.14825,sen,1,NSW_Kuringai_bottom,140612
KG121,angcos,-33.67856,151.14825,old,2,NSW_Kuringai_bottom,140613
KG123,angcos,-33.67856,151.14825,new,2,NSW_Kuringai_bottom,140613
KG122,angcos,-33.67856,151.14825,mid,2,NSW_Kuringai_bottom,140613
KG120,angcos,-33.67856,151.14825,sen,2,NSW_Kuringai_bottom,140613
KG133,angcos,-33.67856,151.14825,old,3,NSW_Kuringai_bottom,140617
KG134,angcos,-33.67856,151.14825,mid,3,NSW_Kuringai_bottom,140617
KG135,angcos,-33.67856,151.14825,new,3,NSW_Kuringai_bottom,140617
KG132,angcos,-33.67856,151.14825,sen,3,NSW_Kuringai_bottom,140617
QL002,athdiv,-17.37895,145.76094,mid,1,QLD_Bartlefrere,150805
QL001,athdiv,-17.37895,145.76094,new,1,QLD_Bartlefrere,150805
QL006,athdiv,-17.37878,145.7617,mid,2,QLD_Bartlefrere,150805
QL010,athdiv,-17.37655,145.75883,mid,3,QLD_Bartlefrere,150805
QL005,athdiv,-17.37878,145.7617,new,2,QLD_Bartlefrere,150805
QL011,athdiv,-17.37655,145.75883,old,3,QLD_Bartlefrere,150805
QL009,athdiv,-17.37655,145.75883,new,3,QLD_Bartlefrere,150805
QL007,athdiv,-17.37878,145.7617,old,2,QLD_Bartlefrere,150805
QL003,athdiv,-17.37895,145.76094,old,1,QLD_Bartlefrere,150805
QL012,athdiv,-17.37655,145.75883,sen,3,QLD_Bartlefrere,150805
QL004,athdiv,-17.37895,145.76094,sen,1,QLD_Bartlefrere,150805
QL008,athdiv,-17.37878,145.7617,sen,2,QLD_Bartlefrere,150805
QL178,banaqu,-17.92181,146.01045,old,2,QLD_Mt_Mackay,150812
QL176,banaqu,-17.92181,146.01045,new,2,QLD_Mt_Mackay,150812
QL180,banaqu,-17.92181,146.01045,new,3,QLD_Mt_Mackay,150812
QL177,banaqu,-17.92181,146.01045,mid,2,QLD_Mt_Mackay,150812
QL168,banaqu,-17.92181,146.01045,old,1,QLD_Mt_Mackay,150812
QL167,banaqu,-17.92181,146.01045,mid,1,QLD_Mt_Mackay,150812
QL182,banaqu,-17.92181,146.01045,old,3,QLD_Mt_Mackay,150812
QL181,banaqu,-17.92181,146.01045,mid,3,QLD_Mt_Mackay,150812
QL166,banaqu,-17.92181,146.01045,new,1,QLD_Mt_Mackay,150812
QL183,banaqu,-17.92181,146.01045,sen,3,QLD_Mt_Mackay,150812
QL169,banaqu,-17.92181,146.01045,sen,1,QLD_Mt_Mackay,150812
QL179,banaqu,-17.92181,146.01045,sen,2,QLD_Mt_Mackay,150812
T076,banmar,-42.88986,147.23655,old,2,TAS_Mt_Wellington,150302
T074,banmar,-42.88986,147.23655,new,2,TAS_Mt_Wellington,150302
T079,banmar,-42.88986,147.23655,mid,3,TAS_Mt_Wellington,150302
T071,banmar,-42.88986,147.23655,mid,1,TAS_Mt_Wellington,150302
T072,banmar,-42.88986,147.23655,old,1,TAS_Mt_Wellington,150302
T075,banmar,-42.88986,147.23655,mid,2,TAS_Mt_Wellington,150302
T070,banmar,-42.88986,147.23655,new,1,TAS_Mt_Wellington,150302
T080,banmar,-42.88986,147.23655,old,3,TAS_Mt_Wellington,150302
T078,banmar,-42.88986,147.23655,new,3,TAS_Mt_Wellington,150302
T077,banmar,-42.88986,147.23655,sen,2,TAS_Mt_Wellington,150302
T073,banmar,-42.88986,147.23655,sen,1,TAS_Mt_Wellington,150302
T081,banmar,-42.88986,147.23655,sen,3,TAS_Mt_Wellington,150302
T239,banmar,-42.38724,147.05174,old,3,TAS_Bothwell,150309
T234,banmar,-42.38724,147.05174,mid,2,TAS_Bothwell,150309
T233,banmar,-42.38724,147.05174,new,2,TAS_Bothwell,150309
T235,banmar,-42.38724,147.05174,old,2,TAS_Bothwell,150309
T238,banmar,-42.38724,147.05174,mid,3,TAS_Bothwell,150309
T237,banmar,-42.38724,147.05174,new,3,TAS_Bothwell,150309
T229,banmar,-42.38724,147.05174,new,1,TAS_Bothwell,150309
T231,banmar,-42.38724,147.05174,old,1,TAS_Bothwell,150309
T230,banmar,-42.38724,147.05174,mid,1,TAS_Bothwell,150309
T240,banmar,-42.38724,147.05174,sen,3,TAS_Bothwell,150309
T236,banmar,-42.38724,147.05174,sen,2,TAS_Bothwell,150309
T232,banmar,-42.38724,147.05174,sen,1,TAS_Bothwell,150309
T276,banmar,-42.1161,148.33585,old,1,TAS_Freycinet,150311
T284,banmar,-42.1161,148.33585,old,3,TAS_Freycinet,150311
T275,banmar,-42.1161,148.33585,mid,1,TAS_Freycinet,150311
T278,banmar,-42.1161,148.33585,new,2,TAS_Freycinet,150311
T283,banmar,-42.1161,148.33585,mid,3,TAS_Freycinet,150311
T282,banmar,-42.1161,148.33585,new,3,TAS_Freycinet,150311
T280,banmar,-42.1161,148.33585,old,2,TAS_Freycinet,150311
T274,banmar,-42.1161,148.33585,new,1,TAS_Freycinet,150311
T279,banmar,-42.1161,148.33585,mid,2,TAS_Freycinet,150311
T277,banmar,-42.1161,148.33585,sen,1,TAS_Freycinet,150311
T285,banmar,-42.1161,148.33585,sen,3,TAS_Freycinet,150311
T281,banmar,-42.1161,148.33585,sen,2,TAS_Freycinet,150311
YG040,breobl,-32.78244,150.92318,old,1,NSW_Yengo_N,140420
YG041,breobl,-32.78244,150.92318,mid,1,NSW_Yengo_N,140420
YG039,breobl,-32.78244,150.92318,new,1,NSW_Yengo_N,140420
YG036,breobl,-32.78244,150.92318,sen,1,NSW_Yengo_N,140420
YG038,breobl,-32.78244,150.92318,mid,1,NSW_Yengo_N,140420
YG037,breobl,-32.78244,150.92318,old,1,NSW_Yengo_N,140420
QL038,carsub,-17.36688,145.75258,new,2,QLD_Bartlefrere,150806
QL040,carsub,-17.36688,145.75258,old,2,QLD_Bartlefrere,150806
QL035,carsub,-17.36688,145.75258,mid,1,QLD_Bartlefrere,150806
QL034,carsub,-17.36688,145.75258,new,1,QLD_Bartlefrere,150806
QL039,carsub,-17.36688,145.75258,mid,2,QLD_Bartlefrere,150806
QL043,carsub,-17.36688,145.75258,mid,3,QLD_Bartlefrere,150806
QL042,carsub,-17.36688,145.75258,new,3,QLD_Bartlefrere,150806
QL036,carsub,-17.36688,145.75258,old,1,QLD_Bartlefrere,150806
QL044,carsub,-17.36688,145.75258,old,3,QLD_Bartlefrere,150806
QL041,carsub,-17.36688,145.75258,sen,2,QLD_Bartlefrere,150806
QL045,carsub,-17.36688,145.75258,sen,3,QLD_Bartlefrere,150806
QL037,carsub,-17.36688,145.75258,sen,1,QLD_Bartlefrere,150806
T193,cennit,-42.75833,146.40609,new,1,TAS_Frodshams_Pass,150307
T203,cennit,-42.75833,146.40609,old,3,TAS_Frodshams_Pass,150307
T195,cennit,-42.75833,146.40609,old,1,TAS_Frodshams_Pass,150307
T194,cennit,-42.75833,146.40609,mid,1,TAS_Frodshams_Pass,150307
T198,cennit,-42.75833,146.40609,mid,2,TAS_Frodshams_Pass,150307
T199,cennit,-42.75833,146.40609,old,2,TAS_Frodshams_Pass,150307
T201,cennit,-42.75833,146.40609,new,3,TAS_Frodshams_Pass,150307
T202,cennit,-42.75833,146.40609,mid,3,TAS_Frodshams_Pass,150307
T197,cennit,-42.75833,146.40609,new,2,TAS_Frodshams_Pass,150307
T204,cennit,-42.75833,146.40609,sen,3,TAS_Frodshams_Pass,150307
T196,cennit,-42.75833,146.40609,sen,1,TAS_Frodshams_Pass,150307
T200,cennit,-42.75833,146.40609,sen,2,TAS_Frodshams_Pass,150307
T265,conhoo,-42.14309,148.29854,sen,1,TAS_Freycinet,150310
T269,conhoo,-42.14309,148.29854,sen,2,TAS_Freycinet,150310
T273,conhoo,-42.14309,148.29854,sen,3,TAS_Freycinet,150310
T268,conhoo,-42.14309,148.29854,old,2,TAS_Freycinet,150310
T264,conhoo,-42.14309,148.29854,old,1,TAS_Freycinet,150310
T263,conhoo,-42.14309,148.29854,mid,1,TAS_Freycinet,150310
T271,conhoo,-42.14309,148.29854,mid,3,TAS_Freycinet,150310
T270,conhoo,-42.14309,148.29854,new,3,TAS_Freycinet,150310
T262,conhoo,-42.14309,148.29854,new,1,TAS_Freycinet,150310
T266,conhoo,-42.14309,148.29854,new,2,TAS_Freycinet,150310
T267,conhoo,-42.14309,148.29854,mid,2,TAS_Freycinet,150310
T272,conhoo,-42.14309,148.29854,old,3,TAS_Freycinet,150310
QL314,corcit,-18.29734,145.48915,mid,1,QLD_Princess_Hill,150820
QL313,corcit,-18.29734,145.48915,new,1,QLD_Princess_Hill,150820
QL317,corcit,-18.29734,145.48915,mid,2,QLD_Princess_Hill,150820
QL318,corcit,-18.29734,145.48915,old,2,QLD_Princess_Hill,150820
QL321,corcit,-18.29734,145.48915,old,3,QLD_Princess_Hill,150820
QL315,corcit,-18.29734,145.48915,old,1,QLD_Princess_Hill,150820
QL319,corcit,-18.29734,145.48915,new,3,QLD_Princess_Hill,150820
QL320,corcit,-18.29734,145.48915,mid,3,QLD_Princess_Hill,150820
QL316,corcit,-18.29734,145.48915,new,2,QLD_Princess_Hill,150820
QL184,corcla,-17.92181,146.01045,new,3,QLD_Mt_Mackay,150812
QL175,corcla,-17.92181,146.01045,old,2,QLD_Mt_Mackay,150812
QL186,corcla,-17.92181,146.01045,old,3,QLD_Mt_Mackay,150812
QL173,corcla,-17.92181,146.01045,new,2,QLD_Mt_Mackay,150812
QL185,corcla,-17.92181,146.01045,mid,3,QLD_Mt_Mackay,150812
QL171,corcla,-17.92181,146.01045,mid,1,QLD_Mt_Mackay,150812
QL170,corcla,-17.92181,146.01045,new,1,QLD_Mt_Mackay,150812
QL172,corcla,-17.92181,146.01045,old,1,QLD_Mt_Mackay,150812
QL174,corcla,-17.92181,146.01045,mid,2,QLD_Mt_Mackay,150812
YG170,corexi,-33.045,150.68326,new,1,NSW_Yengo_S,140619
YG169,corexi,-33.045,150.68326,mid,1,NSW_Yengo_S,140619
YG168,corexi,-33.045,150.68326,old,1,NSW_Yengo_S,140619
YG167,corexi,-33.045,150.68326,sen,1,NSW_Yengo_S,140619
YG187,corexi,-33.045,150.68326,mid,2,NSW_Yengo_S,140620
YG188,corexi,-33.045,150.68326,new,2,NSW_Yengo_S,140620
YG186,corexi,-33.045,150.68326,old,2,NSW_Yengo_S,140620
YG185,corexi,-33.045,150.68326,sen,2,NSW_Yengo_S,140620
YG204,corexi,-33.045,150.68326,new,3,NSW_Yengo_S,140623
YG202,corexi,-33.045,150.68326,old,3,NSW_Yengo_S,140623
YG203,corexi,-33.045,150.68326,mid,3,NSW_Yengo_S,140623
YG201,corexi,-33.045,150.68326,sen,3,NSW_Yengo_S,140623
KG038,corgum,-33.6933,151.14541,new,1,NSW_Kuringai_top,140604
KG037,corgum,-33.6933,151.14541,mid,1,NSW_Kuringai_top,140604
KG036,corgum,-33.6933,151.14541,old,1,NSW_Kuringai_top,140604
KG039,corgum,-33.6933,151.14541,sen,1,NSW_Kuringai_top,140604
KG079,corgum,-33.6933,151.14541,new,2,NSW_Kuringai_top,140611
KG077,corgum,-33.6933,151.14541,old,2,NSW_Kuringai_top,140611
KG078,corgum,-33.6933,151.14541,mid,2,NSW_Kuringai_top,140611
KG076,corgum,-33.6933,151.14541,sen,2,NSW_Kuringai_top,140611
KG141,corgum,-33.68188,151.14428,old,3,NSW_Kuringai_bottom,140618
KG143,corgum,-33.68188,151.14428,new,3,NSW_Kuringai_bottom,140618
KG142,corgum,-33.68188,151.14428,mid,3,NSW_Kuringai_bottom,140618
KG140,corgum,-33.68188,151.14428,sen,3,NSW_Kuringai_bottom,140618
QL116,corint,-18.43758,146.13636,old,3,QLD_Cardwell_S,150809
QL111,corint,-18.43758,146.13636,mid,2,QLD_Cardwell_S,150809
QL107,corint,-18.43758,146.13636,mid,1,QLD_Cardwell_S,150809
QL115,corint,-18.43758,146.13636,mid,3,QLD_Cardwell_S,150809
QL106,corint,-18.43758,146.13636,new,1,QLD_Cardwell_S,150809
QL110,corint,-18.43758,146.13636,new,2,QLD_Cardwell_S,150809
QL114,corint,-18.43758,146.13636,new,3,QLD_Cardwell_S,150809
QL112,corint,-18.43758,146.13636,old,2,QLD_Cardwell_S,150809
QL108,corint,-18.43758,146.13636,old,1,QLD_Cardwell_S,150809
QL113,corint,-18.43758,146.13636,sen,2,QLD_Cardwell_S,150809
QL109,corint,-18.43758,146.13636,sen,1,QLD_Cardwell_S,150809
QL117,corint,-18.43758,146.13636,sen,3,QLD_Cardwell_S,150809
QL399,corpoc,-18.18903,142.26241,old,2,QLD_Croydon,150823
QL402,corpoc,-18.18903,142.26241,old,3,QLD_Croydon,150823
QL404,corpoc,-18.18903,142.26241,mid,1,QLD_Croydon,150823
QL398,corpoc,-18.18903,142.26241,mid,2,QLD_Croydon,150823
QL397,corpoc,-18.18903,142.26241,new,2,QLD_Croydon,150823
QL400,corpoc,-18.18903,142.26241,new,3,QLD_Croydon,150823
QL401,corpoc,-18.18903,142.26241,mid,3,QLD_Croydon,150823
QL403,corpoc,-18.18903,142.26241,new,1,QLD_Croydon,150823
QL405,corpoc,-18.18903,142.26241,old,1,QLD_Croydon,150823
QL387,corpoc,-18.18903,142.26241,sen,3,QLD_Croydon,150823
QL386,corpoc,-18.18903,142.26241,sen,2,QLD_Croydon,150823
QL385,corpoc,-18.18903,142.26241,sen,1,QLD_Croydon,150823
QL453,corter,-18.71986,138.52217,old,2,QLD_Lawn_Hill,150826
QL456,corter,-18.71986,138.52217,old,3,QLD_Lawn_Hill,150826
QL448,corter,-18.71986,138.52217,new,1,QLD_Lawn_Hill,150826
QL449,corter,-18.71986,138.52217,mid,1,QLD_Lawn_Hill,150826
QL454,corter,-18.71986,138.52217,new,3,QLD_Lawn_Hill,150826
QL452,corter,-18.71986,138.52217,mid,2,QLD_Lawn_Hill,150826
QL450,corter,-18.71986,138.52217,old,1,QLD_Lawn_Hill,150826
QL455,corter,-18.71986,138.52217,mid,3,QLD_Lawn_Hill,150826
QL451,corter,-18.71986,138.52217,new,2,QLD_Lawn_Hill,150826
QL445,corter,-18.71986,138.52217,sen,1,QLD_Lawn_Hill,150826
QL446,corter,-18.71986,138.52217,sen,2,QLD_Lawn_Hill,150826
QL447,corter,-18.71986,138.52217,sen,3,QLD_Lawn_Hill,150826
QL141,cortes,-18.37945,146.07626,old,1,QLD_Cardwell_N,150810
QL143,cortes,-18.37945,146.07626,mid,2,QLD_Cardwell_N,150810
QL145,cortes,-18.37945,146.07626,new,3,QLD_Cardwell_N,150810
QL142,cortes,-18.37945,146.07626,new,2,QLD_Cardwell_N,150810
QL139,cortes,-18.37945,146.07626,new,1,QLD_Cardwell_N,150810
QL146,cortes,-18.37945,146.07626,mid,3,QLD_Cardwell_N,150810
QL140,cortes,-18.37945,146.07626,mid,1,QLD_Cardwell_N,150810
QL147,cortes,-18.37945,146.07626,old,3,QLD_Cardwell_N,150810
QL144,cortes,-18.37945,146.07626,old,2,QLD_Cardwell_N,150810
QL022,darfer,-17.36688,145.75258,new,1,QLD_Bartlefrere,150806
QL028,darfer,-17.36688,145.75258,old,2,QLD_Bartlefrere,150806
QL024,darfer,-17.36688,145.75258,old,1,QLD_Bartlefrere,150806
QL027,darfer,-17.36688,145.75258,mid,2,QLD_Bartlefrere,150806
QL031,darfer,-17.36688,145.75258,mid,3,QLD_Bartlefrere,150806
QL023,darfer,-17.36688,145.75258,mid,1,QLD_Bartlefrere,150806
QL032,darfer,-17.36688,145.75258,old,3,QLD_Bartlefrere,150806
QL026,darfer,-17.36688,145.75258,new,2,QLD_Bartlefrere,150806
QL030,darfer,-17.36688,145.75258,new,3,QLD_Bartlefrere,150806
QL033,darfer,-17.36688,145.75258,sen,3,QLD_Bartlefrere,150806
QL029,darfer,-17.36688,145.75258,sen,2,QLD_Bartlefrere,150806
QL025,darfer,-17.36688,145.75258,sen,1,QLD_Bartlefrere,150806
T324,eucamy,-42.12299,148.34204,mid,2,TAS_Freycinet,150311
T329,eucamy,-42.12299,148.34204,old,3,TAS_Freycinet,150311
T328,eucamy,-42.12299,148.34204,mid,3,TAS_Freycinet,150311
T319,eucamy,-42.12299,148.34204,new,1,TAS_Freycinet,150311
T321,eucamy,-42.12299,148.34204,old,1,TAS_Freycinet,150311
T323,eucamy,-42.12299,148.34204,new,2,TAS_Freycinet,150311
T320,eucamy,-42.12299,148.34204,mid,1,TAS_Freycinet,150311
T327,eucamy,-42.12299,148.34204,new,3,TAS_Freycinet,150311
T325,eucamy,-42.12299,148.34204,old,2,TAS_Freycinet,150311
T326,eucamy,-42.12299,148.34204,sen,2,TAS_Freycinet,150311
T330,eucamy,-42.12299,148.34204,sen,3,TAS_Freycinet,150311
T322,eucamy,-42.12299,148.34204,sen,1,TAS_Freycinet,150311
QL238,eucatr,-18.23223,145.53238,new,2,QLD_Blencoe_Falls,150816
QL237,eucatr,-18.23223,145.53238,old,1,QLD_Blencoe_Falls,150816
QL236,eucatr,-18.23223,145.53238,mid,1,QLD_Blencoe_Falls,150816
QL241,eucatr,-18.23223,145.53238,new,3,QLD_Blencoe_Falls,150816
QL243,eucatr,-18.23223,145.53238,old,3,QLD_Blencoe_Falls,150816
QL240,eucatr,-18.23223,145.53238,old,2,QLD_Blencoe_Falls,150816
QL235,eucatr,-18.23223,145.53238,new,1,QLD_Blencoe_Falls,150816
QL239,eucatr,-18.23223,145.53238,mid,2,QLD_Blencoe_Falls,150816
QL242,eucatr,-18.23223,145.53238,mid,3,QLD_Blencoe_Falls,150816
QL220,eucatr,-18.23223,145.53238,sen,1,QLD_Blencoe_Falls,150816
QL222,eucatr,-18.23223,145.53238,sen,3,QLD_Blencoe_Falls,150816
QL221,eucatr,-18.23223,145.53238,sen,2,QLD_Blencoe_Falls,150816
RH117,euccam,-31.29462,142.25054,new,1,NSW_Mutawintji,150410
RH121,euccam,-31.29462,142.25054,mid,2,NSW_Mutawintji,150410
RH122,euccam,-31.29462,142.25054,old,2,NSW_Mutawintji,150410
RH124,euccam,-31.29462,142.25054,mid,3,NSW_Mutawintji,150410
RH118,euccam,-31.29462,142.25054,mid,1,NSW_Mutawintji,150410
RH123,euccam,-31.29462,142.25054,new,3,NSW_Mutawintji,150410
RH125,euccam,-31.29462,142.25054,old,3,NSW_Mutawintji,150410
RH120,euccam,-31.29462,142.25054,new,2,NSW_Mutawintji,150410
RH119,euccam,-31.29462,142.25054,old,1,NSW_Mutawintji,150410
T023,euccoc,-42.89145,147.22834,old,3,TAS_Mt_Wellington,150302
T022,euccoc,-42.89145,147.22834,mid,3,TAS_Mt_Wellington,150302
T017,euccoc,-42.89145,147.22834,new,2,TAS_Mt_Wellington,150302
T021,euccoc,-42.89145,147.22834,new,3,TAS_Mt_Wellington,150302
T019,euccoc,-42.89145,147.22834,old,2,TAS_Mt_Wellington,150302
T018,euccoc,-42.89145,147.22834,mid,2,TAS_Mt_Wellington,150302
T013,euccoc,-42.89145,147.22834,new,1,TAS_Mt_Wellington,150302
T014,euccoc,-42.89145,147.22834,mid,1,TAS_Mt_Wellington,150302
T015,euccoc,-42.89145,147.22834,old,1,TAS_Mt_Wellington,150302
T020,euccoc,-42.89145,147.22834,sen,2,TAS_Mt_Wellington,150302
T024,euccoc,-42.89145,147.22834,sen,3,TAS_Mt_Wellington,150302
T016,euccoc,-42.89145,147.22834,sen,1,TAS_Mt_Wellington,150302
YG021,euccre,-32.78244,150.92318,mid,1,NSW_Yengo_N,140419
YG020,euccre,-32.78244,150.92318,new,1,NSW_Yengo_N,140419
YG022,euccre,-32.78244,150.92318,old,1,NSW_Yengo_N,140419
YG023,euccre,-32.78244,150.92318,sen,1,NSW_Yengo_N,140419
YG056,euccre,-32.78244,150.92318,new,2,NSW_Yengo_N,140420
YG055,euccre,-32.78244,150.92318,mid,2,NSW_Yengo_N,140420
YG054,euccre,-32.78244,150.92318,old,2,NSW_Yengo_N,140420
YG057,euccre,-32.78244,150.92318,sen,2,NSW_Yengo_N,140420
YG085,euccre,-32.78244,150.92318,mid,3,NSW_Yengo_N,140525
YG086,euccre,-32.78244,150.92318,old,3,NSW_Yengo_N,140525
YG084,euccre,-32.78244,150.92318,new,3,NSW_Yengo_N,140525
YG083,euccre,-32.78244,150.92318,sen,3,NSW_Yengo_N,140525
T053,eucdel,-42.91482,147.24619,new,2,TAS_The_Springs,150302
T054,eucdel,-42.91482,147.24619,mid,2,TAS_The_Springs,150302
T057,eucdel,-42.91482,147.24619,new,3,TAS_The_Springs,150302
T055,eucdel,-42.91482,147.24619,old,2,TAS_The_Springs,150302
T058,eucdel,-42.91482,147.24619,mid,3,TAS_The_Springs,150302
T050,eucdel,-42.91482,147.24619,mid,1,TAS_The_Springs,150302
T049,eucdel,-42.91482,147.24619,new,1,TAS_The_Springs,150302
T051,eucdel,-42.91482,147.24619,old,1,TAS_The_Springs,150302
T059,eucdel,-42.91482,147.24619,old,3,TAS_The_Springs,150302
T056,eucdel,-42.91482,147.24619,sen,2,TAS_The_Springs,150302
T060,eucdel,-42.91482,147.24619,sen,3,TAS_The_Springs,150302
T052,eucdel,-42.91482,147.24619,sen,1,TAS_The_Springs,150302
QL333,eucdis,-18.15871,142.21484,old,1,QLD_Croydon,150822
QL331,eucdis,-18.15871,142.21484,new,1,QLD_Croydon,150822
QL330,eucdis,-18.15871,142.21484,old,2,QLD_Croydon,150822
QL329,eucdis,-18.15871,142.21484,mid,2,QLD_Croydon,150822
QL332,eucdis,-18.15871,142.21484,mid,1,QLD_Croydon,150822
QL328,eucdis,-18.15871,142.21484,new,2,QLD_Croydon,150822
QL325,eucdis,-18.15871,142.21484,new,3,QLD_Croydon,150822
QL327,eucdis,-18.15871,142.21484,old,3,QLD_Croydon,150822
QL326,eucdis,-18.15871,142.21484,mid,3,QLD_Croydon,150822
QL322,eucdis,-18.15871,142.21484,sen,1,QLD_Croydon,150822
QL323,eucdis,-18.15871,142.21484,sen,2,QLD_Croydon,150822
QL324,eucdis,-18.15871,142.21484,sen,3,QLD_Croydon,150822
RH003,eucdum,-32.96407,146.16016,old,1,NSW_Round_Hill,150405
RH006,eucdum,-32.96407,146.16016,mid,2,NSW_Round_Hill,150405
RH010,eucdum,-32.96407,146.16016,mid,3,NSW_Round_Hill,150405
RH011,eucdum,-32.96407,146.16016,old,3,NSW_Round_Hill,150405
RH005,eucdum,-32.96407,146.16016,new,2,NSW_Round_Hill,150405
RH002,eucdum,-32.96407,146.16016,mid,1,NSW_Round_Hill,150405
RH007,eucdum,-32.96407,146.16016,old,2,NSW_Round_Hill,150405
RH009,eucdum,-32.96407,146.16016,new,3,NSW_Round_Hill,150405
RH001,eucdum,-32.96407,146.16016,new,1,NSW_Round_Hill,150405
RH008,eucdum,-32.96407,146.16016,sen,2,NSW_Round_Hill,150405
RH004,eucdum,-32.96407,146.16016,sen,1,NSW_Round_Hill,150405
RH012,eucdum,-32.96407,146.16016,sen,3,NSW_Round_Hill,150405
QL151,eucfib,-18.37945,146.07626,new,2,QLD_Cardwell_N,150810
QL153,eucfib,-18.37945,146.07626,old,2,QLD_Cardwell_N,150810
QL150,eucfib,-18.37945,146.07626,old,1,QLD_Cardwell_N,150810
QL149,eucfib,-18.37945,146.07626,mid,1,QLD_Cardwell_N,150810
QL152,eucfib,-18.37945,146.07626,mid,2,QLD_Cardwell_N,150810
QL154,eucfib,-18.37945,146.07626,new,3,QLD_Cardwell_N,150810
QL155,eucfib,-18.37945,146.07626,mid,3,QLD_Cardwell_N,150810
QL148,eucfib,-18.37945,146.07626,new,1,QLD_Cardwell_N,150810
QL156,eucfib,-18.37945,146.07626,old,3,QLD_Cardwell_N,150810
RH097,eucgil,-31.0831,141.71401,mid,1,NSW_Fowlers_Gap,150409
RH101,eucgil,-31.0831,141.71401,old,2,NSW_Fowlers_Gap,150409
RH098,eucgil,-31.0831,141.71401,old,1,NSW_Fowlers_Gap,150409
RH100,eucgil,-31.0831,141.71401,mid,2,NSW_Fowlers_Gap,150409
RH099,eucgil,-31.0831,141.71401,new,2,NSW_Fowlers_Gap,150409
RH103,eucgil,-31.0831,141.71401,mid,3,NSW_Fowlers_Gap,150409
RH102,eucgil,-31.0831,141.71401,new,3,NSW_Fowlers_Gap,150409
RH104,eucgil,-31.0831,141.71401,old,3,NSW_Fowlers_Gap,150409
RH096,eucgil,-31.0831,141.71401,new,1,NSW_Fowlers_Gap,150409
T336,eucglo,-42.12299,148.34204,mid,2,TAS_Freycinet,150311
T341,eucglo,-42.12299,148.34204,old,3,TAS_Freycinet,150311
T340,eucglo,-42.12299,148.34204,mid,3,TAS_Freycinet,150311
T331,eucglo,-42.12299,148.34204,new,1,TAS_Freycinet,150311
T332,eucglo,-42.12299,148.34204,mid,1,TAS_Freycinet,150311
T339,eucglo,-42.12299,148.34204,new,3,TAS_Freycinet,150311
T333,eucglo,-42.12299,148.34204,old,1,TAS_Freycinet,150311
T335,eucglo,-42.12299,148.34204,new,2,TAS_Freycinet,150311
T337,eucglo,-42.12299,148.34204,old,2,TAS_Freycinet,150311
T342,eucglo,-42.12299,148.34204,sen,3,TAS_Freycinet,150311
T338,eucglo,-42.12299,148.34204,sen,2,TAS_Freycinet,150311
T334,eucglo,-42.12299,148.34204,sen,1,TAS_Freycinet,150311
KG022,euchae,-33.6933,151.14541,old,1,NSW_Kuringai_top,140603
KG024,euchae,-33.6933,151.14541,new,1,NSW_Kuringai_top,140603
KG023,euchae,-33.6933,151.14541,mid,1,NSW_Kuringai_top,140603
KG021,euchae,-33.6933,151.14541,sen,1,NSW_Kuringai_top,140603
KG049,euchae,-33.6933,151.14541,old,2,NSW_Kuringai_top,140604
KG050,euchae,-33.6933,151.14541,mid,2,NSW_Kuringai_top,140604
KG051,euchae,-33.6933,151.14541,new,2,NSW_Kuringai_top,140604
KG048,euchae,-33.6933,151.14541,sen,2,NSW_Kuringai_top,140604
KG081,euchae,-33.6933,151.14541,old,3,NSW_Kuringai_top,140611
KG083,euchae,-33.6933,151.14541,new,3,NSW_Kuringai_top,140611
KG082,euchae,-33.6933,151.14541,mid,3,NSW_Kuringai_top,140611
KG080,euchae,-33.6933,151.14541,sen,3,NSW_Kuringai_top,140611
QL307,eucmed,-18.29734,145.48915,new,2,QLD_Princess_Hill,150819
QL305,eucmed,-18.29734,145.48915,mid,1,QLD_Princess_Hill,150819
QL306,eucmed,-18.29734,145.48915,old,1,QLD_Princess_Hill,150819
QL304,eucmed,-18.29734,145.48915,new,1,QLD_Princess_Hill,150819
QL308,eucmed,-18.29734,145.48915,mid,2,QLD_Princess_Hill,150819
QL312,eucmed,-18.29734,145.48915,old,3,QLD_Princess_Hill,150819
QL309,eucmed,-18.29734,145.48915,old,2,QLD_Princess_Hill,150819
QL310,eucmed,-18.29734,145.48915,new,3,QLD_Princess_Hill,150819
QL311,eucmed,-18.29734,145.48915,mid,3,QLD_Princess_Hill,150819
QL301,eucmed,-18.29734,145.48915,sen,1,QLD_Princess_Hill,150819
QL302,eucmed,-18.29734,145.48915,sen,2,QLD_Princess_Hill,150819
QL303,eucmed,-18.29734,145.48915,sen,3,QLD_Princess_Hill,150819
T153,eucnit,-42.77492,146.39731,new,3,TAS_Frodshams_Pass,150306
T149,eucnit,-42.77492,146.39731,new,2,TAS_Frodshams_Pass,150306
T146,eucnit,-42.77492,146.39731,mid,1,TAS_Frodshams_Pass,150306
T151,eucnit,-42.77492,146.39731,old,2,TAS_Frodshams_Pass,150306
T155,eucnit,-42.77492,146.39731,old,3,TAS_Frodshams_Pass,150306
T145,eucnit,-42.77492,146.39731,new,1,TAS_Frodshams_Pass,150306
T150,eucnit,-42.77492,146.39731,mid,2,TAS_Frodshams_Pass,150306
T154,eucnit,-42.77492,146.39731,mid,3,TAS_Frodshams_Pass,150306
T147,eucnit,-42.77492,146.39731,old,1,TAS_Frodshams_Pass,150306
T156,eucnit,-42.77492,146.39731,sen,3,TAS_Frodshams_Pass,150306
T152,eucnit,-42.77492,146.39731,sen,2,TAS_Frodshams_Pass,150306
T148,eucnit,-42.77492,146.39731,sen,1,TAS_Frodshams_Pass,150306
T162,eucnit,-43.03746,146.27668,mid,2,TAS_Red_Knoll,150307
T166,eucnit,-43.03746,146.27668,mid,3,TAS_Red_Knoll,150307
T157,eucnit,-43.03746,146.27668,new,1,TAS_Red_Knoll,150307
T161,eucnit,-43.03746,146.27668,new,2,TAS_Red_Knoll,150307
T163,eucnit,-43.03746,146.27668,old,2,TAS_Red_Knoll,150307
T158,eucnit,-43.03746,146.27668,mid,1,TAS_Red_Knoll,150307
T165,eucnit,-43.03746,146.27668,new,3,TAS_Red_Knoll,150307
T159,eucnit,-43.03746,146.27668,old,1,TAS_Red_Knoll,150307
T167,eucnit,-43.03746,146.27668,old,3,TAS_Red_Knoll,150307
T164,eucnit,-43.03746,146.27668,sen,2,TAS_Red_Knoll,150307
T160,eucnit,-43.03746,146.27668,sen,1,TAS_Red_Knoll,150307
T168,eucnit,-43.03746,146.27668,sen,3,TAS_Red_Knoll,150307
KG106,eucobl,-33.68188,151.14428,mid,1,NSW_Kuringai_bottom,140612
KG107,eucobl,-33.68188,151.14428,new,1,NSW_Kuringai_bottom,140612
KG105,eucobl,-33.68188,151.14428,old,1,NSW_Kuringai_bottom,140612
KG104,eucobl,-33.68188,151.14428,sen,1,NSW_Kuringai_bottom,140612
KG119,eucobl,-33.68188,151.14428,new,2,NSW_Kuringai_bottom,140613
KG117,eucobl,-33.68188,151.14428,old,2,NSW_Kuringai_bottom,140613
KG118,eucobl,-33.68188,151.14428,mid,2,NSW_Kuringai_bottom,140613
KG116,eucobl,-33.68188,151.14428,sen,2,NSW_Kuringai_bottom,140613
KG137,eucobl,-33.68188,151.14428,old,3,NSW_Kuringai_bottom,140617
KG139,eucobl,-33.68188,151.14428,new,3,NSW_Kuringai_bottom,140617
KG138,eucobl,-33.68188,151.14428,mid,3,NSW_Kuringai_bottom,140617
KG136,eucobl,-33.68188,151.14428,sen,3,NSW_Kuringai_bottom,140617
KG144,eucobl,-33.68188,151.14428,sen,3,NSW_Kuringai_bottom,140617
QL137,eucpla,-18.43758,146.13636,mid,3,QLD_Cardwell_S,150809
QL132,eucpla,-18.43758,146.13636,old,1,QLD_Cardwell_S,150809
QL136,eucpla,-18.43758,146.13636,new,3,QLD_Cardwell_S,150809
QL134,eucpla,-18.43758,146.13636,mid,2,QLD_Cardwell_S,150809
QL135,eucpla,-18.43758,146.13636,old,2,QLD_Cardwell_S,150809
QL131,eucpla,-18.43758,146.13636,mid,1,QLD_Cardwell_S,150809
QL133,eucpla,-18.43758,146.13636,new,2,QLD_Cardwell_S,150809
QL130,eucpla,-18.43758,146.13636,new,1,QLD_Cardwell_S,150809
QL138,eucpla,-18.43758,146.13636,old,3,QLD_Cardwell_S,150809
QL415,eucpru,-19.04745,138.8575,mid,3,QLD_Lawn_Hill,150825
QL408,eucpru,-19.04745,138.8575,old,1,QLD_Lawn_Hill,150825
QL411,eucpru,-19.04745,138.8575,mid,2,QLD_Lawn_Hill,150825
QL406,eucpru,-19.04745,138.8575,new,1,QLD_Lawn_Hill,150825
QL407,eucpru,-19.04745,138.8575,mid,1,QLD_Lawn_Hill,150825
QL412,eucpru,-19.04745,138.8575,old,2,QLD_Lawn_Hill,150825
QL416,eucpru,-19.04745,138.8575,old,3,QLD_Lawn_Hill,150825
QL414,eucpru,-19.04745,138.8575,new,3,QLD_Lawn_Hill,150825
QL410,eucpru,-19.04745,138.8575,new,2,QLD_Lawn_Hill,150825
QL413,eucpru,-19.04745,138.8575,sen,2,QLD_Lawn_Hill,150825
QL409,eucpru,-19.04745,138.8575,sen,1,QLD_Lawn_Hill,150825
QL417,eucpru,-19.04745,138.8575,sen,3,QLD_Lawn_Hill,150825
YG045,eucpun,-32.78244,150.92318,old,1,NSW_Yengo_N,140420
YG044,eucpun,-32.78244,150.92318,mid,1,NSW_Yengo_N,140420
YG043,eucpun,-32.78244,150.92318,new,1,NSW_Yengo_N,140420
YG042,eucpun,-32.78244,150.92318,sen,1,NSW_Yengo_N,140420
YG077,eucpun,-32.78244,150.92318,old,2,NSW_Yengo_N,140525
YG076,eucpun,-32.78244,150.92318,new,2,NSW_Yengo_N,140525
YG075,eucpun,-32.78244,150.92318,mid,2,NSW_Yengo_N,140525
YG073,eucpun,-32.78244,150.92318,sen,2,NSW_Yengo_N,140525
YG074,eucpun,-32.78244,150.92318,old,2,NSW_Yengo_N,140525
YG128,eucpun,-32.78244,150.92318,mid,3,NSW_Yengo_N,140608
YG129,eucpun,-32.78244,150.92318,new,3,NSW_Yengo_N,140608
YG127,eucpun,-32.78244,150.92318,old,3,NSW_Yengo_N,140608
YG126,eucpun,-32.78244,150.92318,sen,3,NSW_Yengo_N,140608
T243,eucrub,-42.38268,147.06002,old,1,TAS_Bothwell,150309
T245,eucrub,-42.38268,147.06002,new,3,TAS_Bothwell,150309
T242,eucrub,-42.38268,147.06002,mid,1,TAS_Bothwell,150309
T241,eucrub,-42.38268,147.06002,new,1,TAS_Bothwell,150309
T249,eucrub,-42.38268,147.06002,new,2,TAS_Bothwell,150309
T246,eucrub,-42.38268,147.06002,mid,3,TAS_Bothwell,150309
T251,eucrub,-42.38268,147.06002,old,2,TAS_Bothwell,150309
T250,eucrub,-42.38268,147.06002,mid,2,TAS_Bothwell,150309
T247,eucrub,-42.38268,147.06002,old,3,TAS_Bothwell,150309
T248,eucrub,-42.38268,147.06002,sen,3,TAS_Bothwell,150309
T252,eucrub,-42.38268,147.06002,sen,2,TAS_Bothwell,150309
T244,eucrub,-42.38268,147.06002,sen,1,TAS_Bothwell,150309
T372,eucrub,-42.84638,147.43151,new,1,TAS_Mt_Canopus,150312
T382,eucrub,-42.84638,147.43151,old,3,TAS_Mt_Canopus,150312
T376,eucrub,-42.84638,147.43151,new,2,TAS_Mt_Canopus,150312
T377,eucrub,-42.84638,147.43151,mid,2,TAS_Mt_Canopus,150312
T378,eucrub,-42.84638,147.43151,old,2,TAS_Mt_Canopus,150312
T380,eucrub,-42.84638,147.43151,new,3,TAS_Mt_Canopus,150312
T373,eucrub,-42.84638,147.43151,mid,1,TAS_Mt_Canopus,150312
T374,eucrub,-42.84638,147.43151,old,1,TAS_Mt_Canopus,150312
T381,eucrub,-42.84638,147.43151,mid,3,TAS_Mt_Canopus,150312
T383,eucrub,-42.84638,147.43151,sen,3,TAS_Mt_Canopus,150312
T375,eucrub,-42.84638,147.43151,sen,1,TAS_Mt_Canopus,150312
T379,eucrub,-42.84638,147.43151,sen,2,TAS_Mt_Canopus,150312
RH056,eucsoc,-33.03783,146.20221,mid,1,NSW_Round_Hill,150406
RH063,eucsoc,-33.03783,146.20221,new,3,NSW_Round_Hill,150406
RH065,eucsoc,-33.03783,146.20221,old,3,NSW_Round_Hill,150406
RH060,eucsoc,-33.03783,146.20221,mid,2,NSW_Round_Hill,150406
RH061,eucsoc,-33.03783,146.20221,old,2,NSW_Round_Hill,150406
RH059,eucsoc,-33.03783,146.20221,new,2,NSW_Round_Hill,150406
RH057,eucsoc,-33.03783,146.20221,old,1,NSW_Round_Hill,150406
RH055,eucsoc,-33.03783,146.20221,new,1,NSW_Round_Hill,150406
RH064,eucsoc,-33.03783,146.20221,mid,3,NSW_Round_Hill,150406
RH062,eucsoc,-33.03783,146.20221,sen,3,NSW_Round_Hill,150406
RH054,eucsoc,-33.03783,146.20221,sen,1,NSW_Round_Hill,150406
RH058,eucsoc,-33.03783,146.20221,sen,2,NSW_Round_Hill,150406
YG072,eucspa,-32.78244,150.92318,old,1,NSW_Yengo_N,140525
YG070,eucspa,-32.78244,150.92318,new,1,NSW_Yengo_N,140525
YG071,eucspa,-32.78244,150.92318,mid,1,NSW_Yengo_N,140525
YG069,eucspa,-32.78244,150.92318,sen,1,NSW_Yengo_N,140525
YG121,eucspa,-32.78244,150.92318,new,2,NSW_Yengo_N,140607
YG118,eucspa,-32.78244,150.92318,old,2,NSW_Yengo_N,140607
YG120,eucspa,-32.78244,150.92318,mid,2,NSW_Yengo_N,140607
YG119,eucspa,-32.78244,150.92318,sen,2,NSW_Yengo_N,140607
YG135,eucspa,-32.78244,150.92318,old,3,NSW_Yengo_N,140608
YG136,eucspa,-32.78244,150.92318,mid,3,NSW_Yengo_N,140608
YG137,eucspa,-32.78244,150.92318,new,3,NSW_Yengo_N,140608
YG134,eucspa,-32.78244,150.92318,sen,3,NSW_Yengo_N,140608
T219,eucten,-42.38268,147.06002,old,1,TAS_Bothwell,150308
T221,eucten,-42.38268,147.06002,new,2,TAS_Bothwell,150308
T222,eucten,-42.38268,147.06002,mid,2,TAS_Bothwell,150308
T218,eucten,-42.38268,147.06002,mid,1,TAS_Bothwell,150308
T225,eucten,-42.38268,147.06002,new,3,TAS_Bothwell,150308
T227,eucten,-42.38268,147.06002,old,3,TAS_Bothwell,150308
T217,eucten,-42.38268,147.06002,new,1,TAS_Bothwell,150308
T226,eucten,-42.38268,147.06002,mid,3,TAS_Bothwell,150308
T223,eucten,-42.38268,147.06002,old,2,TAS_Bothwell,150308
T224,eucten,-42.38268,147.06002,sen,2,TAS_Bothwell,150308
T220,eucten,-42.38268,147.06002,sen,1,TAS_Bothwell,150308
T228,eucten,-42.38268,147.06002,sen,3,TAS_Bothwell,150308
T397,eucten,-43.04191,147.95053,new,1,TAS_Tasman_Peninsula,150312
T402,eucten,-43.04191,147.95053,mid,2,TAS_Tasman_Peninsula,150312
T399,eucten,-43.04191,147.95053,old,1,TAS_Tasman_Peninsula,150312
T407,eucten,-43.04191,147.95053,old,3,TAS_Tasman_Peninsula,150312
T398,eucten,-43.04191,147.95053,mid,1,TAS_Tasman_Peninsula,150312
T405,eucten,-43.04191,147.95053,new,3,TAS_Tasman_Peninsula,150312
T406,eucten,-43.04191,147.95053,mid,3,TAS_Tasman_Peninsula,150312
T403,eucten,-43.04191,147.95053,old,2,TAS_Tasman_Peninsula,150312
T401,eucten,-43.04191,147.95053,new,2,TAS_Tasman_Peninsula,150312
T408,eucten,-43.04191,147.95053,sen,3,TAS_Tasman_Peninsula,150312
T400,eucten,-43.04191,147.95053,sen,1,TAS_Tasman_Peninsula,150312
T404,eucten,-43.04191,147.95053,sen,2,TAS_Tasman_Peninsula,150312
QL234,eucter,-18.22401,145.52532,old,3,QLD_Blencoe_Falls,150816
QL229,eucter,-18.22401,145.52532,old,1,QLD_Blencoe_Falls,150816
QL230,eucter,-18.22401,145.52532,mid,2,QLD_Blencoe_Falls,150816
QL226,eucter,-18.22401,145.52532,new,1,QLD_Blencoe_Falls,150816
QL233,eucter,-18.22401,145.52532,mid,3,QLD_Blencoe_Falls,150816
QL228,eucter,-18.22401,145.52532,new,2,QLD_Blencoe_Falls,150816
QL232,eucter,-18.22401,145.52532,new,3,QLD_Blencoe_Falls,150816
QL231,eucter,-18.22401,145.52532,old,2,QLD_Blencoe_Falls,150816
QL227,eucter,-18.22401,145.52532,mid,1,QLD_Blencoe_Falls,150816
QL223,eucter,-18.22401,145.52532,sen,1,QLD_Blencoe_Falls,150816
QL225,eucter,-18.22401,145.52532,sen,3,QLD_Blencoe_Falls,150816
QL224,eucter,-18.22401,145.52532,sen,2,QLD_Blencoe_Falls,150816
RH053,greane,-33.00208,146.16899,old,3,NSW_Round_Hill,150406
RH044,greane,-33.00208,146.16899,mid,1,NSW_Round_Hill,150406
RH048,greane,-33.00208,146.16899,mid,2,NSW_Round_Hill,150406
RH045,greane,-33.00208,146.16899,old,1,NSW_Round_Hill,150406
RH052,greane,-33.00208,146.16899,mid,3,NSW_Round_Hill,150406
RH047,greane,-33.00208,146.16899,new,2,NSW_Round_Hill,150406
RH051,greane,-33.00208,146.16899,new,3,NSW_Round_Hill,150406
RH049,greane,-33.00208,146.16899,old,2,NSW_Round_Hill,150406
RH043,greane,-33.00208,146.16899,new,1,NSW_Round_Hill,150406
RH050,greane,-33.00208,146.16899,sen,3,NSW_Round_Hill,150406
RH046,greane,-33.00208,146.16899,sen,2,NSW_Round_Hill,150406
RH042,greane,-33.00208,146.16899,sen,1,NSW_Round_Hill,150406
QL161,grebai,-17.91588,146.06968,mid,2,QLD_Mission_Beach,150811
QL160,grebai,-17.91588,146.06968,new,2,QLD_Mission_Beach,150811
QL157,grebai,-17.91588,146.06968,new,1,QLD_Mission_Beach,150811
QL165,grebai,-17.91588,146.06968,old,3,QLD_Mission_Beach,150811
QL159,grebai,-17.91588,146.06968,old,1,QLD_Mission_Beach,150811
QL158,grebai,-17.91588,146.06968,mid,1,QLD_Mission_Beach,150811
QL164,grebai,-17.91588,146.06968,mid,3,QLD_Mission_Beach,150811
QL162,grebai,-17.91588,146.06968,old,2,QLD_Mission_Beach,150811
QL163,grebai,-17.91588,146.06968,new,3,QLD_Mission_Beach,150811
YG165,grebux,-33.045,150.68326,mid,1,NSW_Yengo_S,140619
YG164,grebux,-33.045,150.68326,old,1,NSW_Yengo_S,140619
YG166,grebux,-33.045,150.68326,new,1,NSW_Yengo_S,140619
YG163,grebux,-33.045,150.68326,sen,1,NSW_Yengo_S,140619
YG180,grebux,-33.045,150.68326,mid,2,NSW_Yengo_S,140620
YG179,grebux,-33.045,150.68326,old,2,NSW_Yengo_S,140620
YG181,grebux,-33.045,150.68326,new,2,NSW_Yengo_S,140620
YG178,grebux,-33.045,150.68326,sen,2,NSW_Yengo_S,140620
YG196,grebux,-33.045,150.68326,mid,3,NSW_Yengo_S,140623
YG197,grebux,-33.045,150.68326,new,3,NSW_Yengo_S,140623
YG195,grebux,-33.045,150.68326,old,3,NSW_Yengo_S,140623
YG194,grebux,-33.045,150.68326,sen,3,NSW_Yengo_S,140623
QL299,gregla,-18.29787,145.48911,old,3,QLD_Princess_Hill,150819
QL277,gregla,-18.32071,145.41898,new,6,QLD_Princess_Hill,150819
QL295,gregla,-18.29787,145.48911,old,2,QLD_Princess_Hill,150819
QL289,gregla,-18.29787,145.48911,new,1,QLD_Princess_Hill,150819
QL272,gregla,-18.32071,145.41898,mid,5,QLD_Princess_Hill,150819
QL275,gregla,-18.32071,145.41898,mid,4,QLD_Princess_Hill,150819
QL290,gregla,-18.29787,145.48911,mid,1,QLD_Princess_Hill,150819
QL293,gregla,-18.29787,145.48911,new,2,QLD_Princess_Hill,150819
QL291,gregla,-18.29787,145.48911,old,1,QLD_Princess_Hill,150819
QL273,gregla,-18.32071,145.41898,old,5,QLD_Princess_Hill,150819
QL279,gregla,-18.32071,145.41898,old,6,QLD_Princess_Hill,150819
QL274,gregla,-18.32071,145.41898,new,4,QLD_Princess_Hill,150819
QL276,gregla,-18.32071,145.41898,old,4,QLD_Princess_Hill,150819
QL271,gregla,-18.32071,145.41898,new,5,QLD_Princess_Hill,150819
QL297,gregla,-18.29787,145.48911,new,3,QLD_Princess_Hill,150819
QL278,gregla,-18.32071,145.41898,mid,6,QLD_Princess_Hill,150819
QL294,gregla,-18.29787,145.48911,mid,2,QLD_Princess_Hill,150819
QL298,gregla,-18.29787,145.48911,mid,3,QLD_Princess_Hill,150819
QL270,gregla,-18.32071,145.41898,sen,6,QLD_Princess_Hill,150819
QL268,gregla,-18.32071,145.41898,sen,4,QLD_Princess_Hill,150819
QL269,gregla,-18.32071,145.41898,sen,5,QLD_Princess_Hill,150819
QL292,gregla,-18.29787,145.48911,sen,1,QLD_Princess_Hill,150819
QL296,gregla,-18.29787,145.48911,sen,2,QLD_Princess_Hill,150819
QL300,gregla,-18.29787,145.48911,sen,3,QLD_Princess_Hill,150819
QL063,grehil,-17.96665,145.96806,mid,2,QLD_Mt_Mackay,150808
QL062,grehil,-17.96665,145.96806,new,2,QLD_Mt_Mackay,150808
QL059,grehil,-17.96665,145.96806,mid,1,QLD_Mt_Mackay,150808
QL058,grehil,-17.96665,145.96806,new,1,QLD_Mt_Mackay,150808
QL064,grehil,-17.96665,145.96806,old,2,QLD_Mt_Mackay,150808
QL066,grehil,-17.96665,145.96806,new,3,QLD_Mt_Mackay,150808
QL067,grehil,-17.96665,145.96806,mid,3,QLD_Mt_Mackay,150808
QL068,grehil,-17.96665,145.96806,old,3,QLD_Mt_Mackay,150808
QL060,grehil,-17.96665,145.96806,old,1,QLD_Mt_Mackay,150808
QL061,grehil,-17.96665,145.96806,sen,1,QLD_Mt_Mackay,150808
QL065,grehil,-17.96665,145.96806,sen,2,QLD_Mt_Mackay,150808
QL069,grehil,-17.96665,145.96806,sen,3,QLD_Mt_Mackay,150808
RH068,greill,-33.03783,146.20221,old,1,NSW_Round_Hill,150406
RH072,greill,-33.03783,146.20221,new,3,NSW_Round_Hill,150406
RH071,greill,-33.03783,146.20221,old,2,NSW_Round_Hill,150406
RH067,greill,-33.03783,146.20221,mid,1,NSW_Round_Hill,150406
RH070,greill,-33.03783,146.20221,mid,2,NSW_Round_Hill,150406
RH074,greill,-33.03783,146.20221,old,3,NSW_Round_Hill,150406
RH069,greill,-33.03783,146.20221,new,2,NSW_Round_Hill,150406
RH066,greill,-33.03783,146.20221,new,1,NSW_Round_Hill,150406
RH073,greill,-33.03783,146.20221,mid,3,NSW_Round_Hill,150406
QL341,gremim,-18.16105,142.21069,mid,3,QLD_Croydon,150822
QL337,gremim,-18.16105,142.21069,new,2,QLD_Croydon,150822
QL339,gremim,-18.16105,142.21069,old,2,QLD_Croydon,150822
QL344,gremim,-18.16105,142.21069,mid,1,QLD_Croydon,150822
QL342,gremim,-18.16105,142.21069,old,3,QLD_Croydon,150822
QL340,gremim,-18.16105,142.21069,new,3,QLD_Croydon,150822
QL345,gremim,-18.16105,142.21069,old,1,QLD_Croydon,150822
QL343,gremim,-18.16105,142.21069,new,1,QLD_Croydon,150822
QL338,gremim,-18.16105,142.21069,mid,2,QLD_Croydon,150822
QL335,gremim,-18.16105,142.21069,sen,2,QLD_Croydon,150822
QL336,gremim,-18.16105,142.21069,sen,3,QLD_Croydon,150822
QL334,gremim,-18.16105,142.21069,sen,1,QLD_Croydon,150822
YG001,gremuc,-32.78244,150.92318,sen,1,NSW_Yengo_N,140419
YG003,gremuc,-32.78244,150.92318,mid,1,NSW_Yengo_N,140419
YG002,gremuc,-32.78244,150.92318,new,1,NSW_Yengo_N,140419
YG004,gremuc,-32.78244,150.92318,old,1,NSW_Yengo_N,140419
YG061,gremuc,-32.78244,150.92318,old,2,NSW_Yengo_N,140524
YG060,gremuc,-32.78244,150.92318,mid,2,NSW_Yengo_N,140524
YG059,gremuc,-32.78244,150.92318,new,2,NSW_Yengo_N,140524
YG058,gremuc,-32.78244,150.92318,sen,2,NSW_Yengo_N,140524
YG131,gremuc,-32.78244,150.92318,new,3,NSW_Yengo_N,140608
YG132,gremuc,-32.78244,150.92318,mid,3,NSW_Yengo_N,140608
YG133,gremuc,-32.78244,150.92318,old,3,NSW_Yengo_N,140608
YG130,gremuc,-32.78244,150.92318,sen,3,NSW_Yengo_N,140608
QL100,grepar,-18.43758,146.13636,old,2,QLD_Cardwell_S,150809
QL103,grepar,-18.43758,146.13636,mid,3,QLD_Cardwell_S,150809
QL094,grepar,-18.43758,146.13636,new,1,QLD_Cardwell_S,150809
QL098,grepar,-18.43758,146.13636,new,2,QLD_Cardwell_S,150809
QL104,grepar,-18.43758,146.13636,old,3,QLD_Cardwell_S,150809
QL095,grepar,-18.43758,146.13636,mid,1,QLD_Cardwell_S,150809
QL102,grepar,-18.43758,146.13636,new,3,QLD_Cardwell_S,150809
QL099,grepar,-18.43758,146.13636,mid,2,QLD_Cardwell_S,150809
QL096,grepar,-18.43758,146.13636,old,1,QLD_Cardwell_S,150809
QL101,grepar,-18.43758,146.13636,sen,2,QLD_Cardwell_S,150809
QL097,grepar,-18.43758,146.13636,sen,1,QLD_Cardwell_S,150809
QL105,grepar,-18.43758,146.13636,sen,3,QLD_Cardwell_S,150809
QL350,grepar,-18.21837,142.27066,new,2,QLD_Croydon,150822
QL355,grepar,-18.21837,142.27066,mid,3,QLD_Croydon,150822
QL346,grepar,-18.21837,142.27066,new,1,QLD_Croydon,150822
QL351,grepar,-18.21837,142.27066,mid,2,QLD_Croydon,150822
QL354,grepar,-18.21837,142.27066,new,3,QLD_Croydon,150822
QL347,grepar,-18.21837,142.27066,mid,1,QLD_Croydon,150822
QL348,grepar,-18.21837,142.27066,old,1,QLD_Croydon,150822
QL356,grepar,-18.21837,142.27066,old,3,QLD_Croydon,150822
QL352,grepar,-18.21837,142.27066,old,2,QLD_Croydon,150822
QL349,grepar,-18.21837,142.27066,sen,1,QLD_Croydon,150822
QL353,grepar,-18.21837,142.27066,sen,2,QLD_Croydon,150822
QL357,grepar,-18.21837,142.27066,sen,3,QLD_Croydon,150822
QL085,grepte,-18.43758,146.13636,sen,1,QLD_Cardwell_S,150809
QL089,grepte,-18.43758,146.13636,sen,2,QLD_Cardwell_S,150809
QL093,grepte,-18.43758,146.13636,sen,3,QLD_Cardwell_S,150809
QL087,grepte,-18.43758,146.13636,mid,2,QLD_Cardwell_S,150809
QL082,grepte,-18.43758,146.13636,new,1,QLD_Cardwell_S,150809
QL083,grepte,-18.43758,146.13636,mid,1,QLD_Cardwell_S,150809
QL086,grepte,-18.43758,146.13636,new,2,QLD_Cardwell_S,150809
QL090,grepte,-18.43758,146.13636,new,3,QLD_Cardwell_S,150809
QL091,grepte,-18.43758,146.13636,mid,3,QLD_Cardwell_S,150809
QL092,grepte,-18.43758,146.13636,old,3,QLD_Cardwell_S,150809
QL084,grepte,-18.43758,146.13636,old,1,QLD_Cardwell_S,150809
QL088,grepte,-18.43758,146.13636,old,2,QLD_Cardwell_S,150809
QL202,grepte,-18.21239,145.54145,new,2,QLD_Blencoe_Falls,150815
QL205,grepte,-18.21239,145.54145,new,3,QLD_Blencoe_Falls,150815
QL203,grepte,-18.21239,145.54145,mid,2,QLD_Blencoe_Falls,150815
QL206,grepte,-18.21239,145.54145,mid,3,QLD_Blencoe_Falls,150815
QL207,grepte,-18.21239,145.54145,old,3,QLD_Blencoe_Falls,150815
QL204,grepte,-18.21239,145.54145,old,2,QLD_Blencoe_Falls,150815
QL199,grepte,-18.21239,145.54145,new,1,QLD_Blencoe_Falls,150815
QL200,grepte,-18.21239,145.54145,mid,1,QLD_Blencoe_Falls,150815
QL201,grepte,-18.21239,145.54145,old,1,QLD_Blencoe_Falls,150815
KG097,greser,-33.67856,151.14825,old,1,NSW_Kuringai_bottom,140612
KG098,greser,-33.67856,151.14825,mid,1,NSW_Kuringai_bottom,140612
KG099,greser,-33.67856,151.14825,new,1,NSW_Kuringai_bottom,140612
KG096,greser,-33.67856,151.14825,sen,1,NSW_Kuringai_bottom,140612
KG113,greser,-33.67856,151.14825,old,2,NSW_Kuringai_bottom,140613
KG114,greser,-33.67856,151.14825,mid,2,NSW_Kuringai_bottom,140613
KG115,greser,-33.67856,151.14825,new,2,NSW_Kuringai_bottom,140613
KG112,greser,-33.67856,151.14825,sen,2,NSW_Kuringai_bottom,140613
KG125,greser,-33.67856,151.14825,old,3,NSW_Kuringai_bottom,140617
KG126,greser,-33.67856,151.14825,mid,3,NSW_Kuringai_bottom,140617
KG127,greser,-33.67856,151.14825,new,3,NSW_Kuringai_bottom,140617
KG124,greser,-33.67856,151.14825,sen,3,NSW_Kuringai_bottom,140617
KG019,grespe,-33.6933,151.14541,mid,1,NSW_Kuringai_top,140603
KG018,grespe,-33.6933,151.14541,old,1,NSW_Kuringai_top,140603
KG020,grespe,-33.6933,151.14541,new,1,NSW_Kuringai_top,140603
KG017,grespe,-33.6933,151.14541,sen,1,NSW_Kuringai_top,140603
KG059,grespe,-33.6933,151.14541,new,2,NSW_Kuringai_top,140604
KG058,grespe,-33.6933,151.14541,mid,2,NSW_Kuringai_top,140604
KG057,grespe,-33.6933,151.14541,old,2,NSW_Kuringai_top,140604
KG056,grespe,-33.6933,151.14541,sen,2,NSW_Kuringai_top,140604
KG067,grespe,-33.6933,151.14541,new,3,NSW_Kuringai_top,140611
KG066,grespe,-33.6933,151.14541,mid,3,NSW_Kuringai_top,140611
KG065,grespe,-33.6933,151.14541,old,3,NSW_Kuringai_top,140611
KG064,grespe,-33.6933,151.14541,sen,3,NSW_Kuringai_top,140611
RH114,grestr,-31.29606,142.27874,new,3,NSW_Mutawintji,150410
RH116,grestr,-31.29606,142.27874,old,3,NSW_Mutawintji,150410
RH107,grestr,-31.29606,142.27874,mid,1,NSW_Mutawintji,150410
RH112,grestr,-31.29606,142.27874,old,2,NSW_Mutawintji,150410
RH106,grestr,-31.29606,142.27874,new,1,NSW_Mutawintji,150410
RH110,grestr,-31.29606,142.27874,new,2,NSW_Mutawintji,150410
RH108,grestr,-31.29606,142.27874,old,1,NSW_Mutawintji,150410
RH111,grestr,-31.29606,142.27874,mid,2,NSW_Mutawintji,150410
RH115,grestr,-31.29606,142.27874,mid,3,NSW_Mutawintji,150410
RH109,grestr,-31.29606,142.27874,sen,2,NSW_Mutawintji,150410
RH113,grestr,-31.29606,142.27874,sen,3,NSW_Mutawintji,150410
RH105,grestr,-31.29606,142.27874,sen,1,NSW_Mutawintji,150410
QL364,grestr,-18.21837,142.27066,old,2,QLD_Croydon,150822
QL366,grestr,-18.21837,142.27066,new,3,QLD_Croydon,150822
QL360,grestr,-18.21837,142.27066,old,1,QLD_Croydon,150822
QL368,grestr,-18.21837,142.27066,old,3,QLD_Croydon,150822
QL358,grestr,-18.21837,142.27066,new,1,QLD_Croydon,150822
QL359,grestr,-18.21837,142.27066,mid,1,QLD_Croydon,150822
QL363,grestr,-18.21837,142.27066,mid,2,QLD_Croydon,150822
QL362,grestr,-18.21837,142.27066,new,2,QLD_Croydon,150822
QL367,grestr,-18.21837,142.27066,mid,3,QLD_Croydon,150822
QL365,grestr,-18.21837,142.27066,sen,2,QLD_Croydon,150822
QL361,grestr,-18.21837,142.27066,sen,1,QLD_Croydon,150822
QL369,grestr,-18.21837,142.27066,sen,3,QLD_Croydon,150822
QL460,hakarb,-18.71986,138.52217,new,3,QLD_Lawn_Hill,150826
QL462,hakarb,-18.71986,138.52217,old,3,QLD_Lawn_Hill,150826
QL463,hakarb,-18.71986,138.52217,new,2,QLD_Lawn_Hill,150826
QL458,hakarb,-18.71986,138.52217,mid,1,QLD_Lawn_Hill,150826
QL459,hakarb,-18.71986,138.52217,old,1,QLD_Lawn_Hill,150826
QL465,hakarb,-18.71986,138.52217,old,2,QLD_Lawn_Hill,150826
QL461,hakarb,-18.71986,138.52217,mid,3,QLD_Lawn_Hill,150826
QL464,hakarb,-18.71986,138.52217,mid,2,QLD_Lawn_Hill,150826
QL457,hakarb,-18.71986,138.52217,new,1,QLD_Lawn_Hill,150826
QL443,hakarb,-18.71986,138.52217,sen,2,QLD_Lawn_Hill,150826
QL442,hakarb,-18.71986,138.52217,sen,1,QLD_Lawn_Hill,150826
QL444,hakarb,-18.71986,138.52217,sen,3,QLD_Lawn_Hill,150826
QL440,hakcho,-19.04745,138.8575,old,3,QLD_Lawn_Hill,150825
QL436,hakcho,-19.04745,138.8575,old,2,QLD_Lawn_Hill,150825
QL430,hakcho,-19.04745,138.8575,new,1,QLD_Lawn_Hill,150825
QL432,hakcho,-19.04745,138.8575,old,1,QLD_Lawn_Hill,150825
QL434,hakcho,-19.04745,138.8575,new,2,QLD_Lawn_Hill,150825
QL435,hakcho,-19.04745,138.8575,mid,2,QLD_Lawn_Hill,150825
QL431,hakcho,-19.04745,138.8575,mid,1,QLD_Lawn_Hill,150825
QL438,hakcho,-19.04745,138.8575,new,3,QLD_Lawn_Hill,150825
QL439,hakcho,-19.04745,138.8575,mid,3,QLD_Lawn_Hill,150825
QL433,hakcho,-19.04745,138.8575,sen,1,QLD_Lawn_Hill,150825
QL437,hakcho,-19.04745,138.8575,sen,2,QLD_Lawn_Hill,150825
QL441,hakcho,-19.04745,138.8575,sen,3,QLD_Lawn_Hill,150825
YG173,hakdac,-33.045,150.68326,mid,1,NSW_Yengo_S,140619
YG172,hakdac,-33.045,150.68326,old,1,NSW_Yengo_S,140619
YG174,hakdac,-33.045,150.68326,new,1,NSW_Yengo_S,140619
YG171,hakdac,-33.045,150.68326,sen,1,NSW_Yengo_S,140619
YG191,hakdac,-33.045,150.68326,mid,2,NSW_Yengo_S,140620
YG192,hakdac,-33.045,150.68326,new,2,NSW_Yengo_S,140620
YG190,hakdac,-33.045,150.68326,old,2,NSW_Yengo_S,140620
YG193,hakdac,-33.045,150.68326,sen,2,NSW_Yengo_S,140620
YG189,hakdac,-33.045,150.68326,sen,2,NSW_Yengo_S,140620
YG208,hakdac,-33.045,150.68326,new,3,NSW_Yengo_S,140623
YG206,hakdac,-33.045,150.68326,old,3,NSW_Yengo_S,140623
YG207,hakdac,-33.045,150.68326,mid,3,NSW_Yengo_S,140623
YG205,hakdac,-33.045,150.68326,sen,3,NSW_Yengo_S,140623
KG012,haklae,-33.6933,151.14541,new,1,NSW_Kuringai_top,140603
KG011,haklae,-33.6933,151.14541,mid,1,NSW_Kuringai_top,140603
KG010,haklae,-33.6933,151.14541,old,1,NSW_Kuringai_top,140603
KG009,haklae,-33.6933,151.14541,sen,1,NSW_Kuringai_top,140603
KG063,haklae,-33.6933,151.14541,new,2,NSW_Kuringai_top,140604
KG062,haklae,-33.6933,151.14541,mid,2,NSW_Kuringai_top,140604
KG061,haklae,-33.6933,151.14541,old,2,NSW_Kuringai_top,140604
KG060,haklae,-33.6933,151.14541,sen,2,NSW_Kuringai_top,140604
KG075,haklae,-33.6933,151.14541,new,3,NSW_Kuringai_top,140611
KG074,haklae,-33.6933,151.14541,mid,3,NSW_Kuringai_top,140611
KG073,haklae,-33.6933,151.14541,old,3,NSW_Kuringai_top,140611
KG072,haklae,-33.6933,151.14541,sen,3,NSW_Kuringai_top,140611
RH079,hakleu,-30.81876,141.7987,mid,2,NSW_Fowlers_Gap,150409
RH075,hakleu,-30.81876,141.7987,new,1,NSW_Fowlers_Gap,150409
RH078,hakleu,-30.81876,141.7987,new,2,NSW_Fowlers_Gap,150409
RH081,hakleu,-30.81876,141.7987,new,3,NSW_Fowlers_Gap,150409
RH076,hakleu,-30.81876,141.7987,mid,1,NSW_Fowlers_Gap,150409
RH082,hakleu,-30.81876,141.7987,mid,3,NSW_Fowlers_Gap,150409
RH077,hakleu,-30.81876,141.7987,old,1,NSW_Fowlers_Gap,150409
RH083,hakleu,-30.81876,141.7987,old,3,NSW_Fowlers_Gap,150409
RH080,hakleu,-30.81876,141.7987,old,2,NSW_Fowlers_Gap,150409
T002,haklis,-42.91482,147.24619,mid,1,TAS_The_Springs,150302
T009,haklis,-42.91482,147.24619,new,3,TAS_The_Springs,150302
T003,haklis,-42.91482,147.24619,old,1,TAS_The_Springs,150302
T006,haklis,-42.91482,147.24619,mid,2,TAS_The_Springs,150302
T001,haklis,-42.91482,147.24619,new,1,TAS_The_Springs,150302
T007,haklis,-42.91482,147.24619,old,2,TAS_The_Springs,150302
T005,haklis,-42.91482,147.24619,new,2,TAS_The_Springs,150302
T010,haklis,-42.91482,147.24619,mid,3,TAS_The_Springs,150302
T011,haklis,-42.91482,147.24619,old,3,TAS_The_Springs,150302
T004,haklis,-42.91482,147.24619,sen,1,TAS_The_Springs,150302
T012,haklis,-42.91482,147.24619,sen,3,TAS_The_Springs,150302
T008,haklis,-42.91482,147.24619,sen,2,TAS_The_Springs,150302
T312,hakmeg,-42.12251,148.34189,mid,2,TAS_Freycinet,150311
T309,hakmeg,-42.12251,148.34189,old,1,TAS_Freycinet,150311
T315,hakmeg,-42.12251,148.34189,new,3,TAS_Freycinet,150311
T308,hakmeg,-42.12251,148.34189,mid,1,TAS_Freycinet,150311
T316,hakmeg,-42.12251,148.34189,mid,3,TAS_Freycinet,150311
T313,hakmeg,-42.12251,148.34189,old,2,TAS_Freycinet,150311
T307,hakmeg,-42.12251,148.34189,new,1,TAS_Freycinet,150311
T317,hakmeg,-42.12251,148.34189,old,3,TAS_Freycinet,150311
T311,hakmeg,-42.12251,148.34189,new,2,TAS_Freycinet,150311
T318,hakmeg,-42.12251,148.34189,sen,3,TAS_Freycinet,150311
T314,hakmeg,-42.12251,148.34189,sen,2,TAS_Freycinet,150311
T310,hakmeg,-42.12251,148.34189,sen,1,TAS_Freycinet,150311
RH026,haktep,-32.96381,146.16138,mid,2,NSW_Round_Hill,150405
RH028,haktep,-32.96381,146.16138,new,3,NSW_Round_Hill,150405
RH022,haktep,-32.96381,146.16138,new,1,NSW_Round_Hill,150405
RH030,haktep,-32.96381,146.16138,old,3,NSW_Round_Hill,150405
RH025,haktep,-32.96381,146.16138,new,2,NSW_Round_Hill,150405
RH029,haktep,-32.96381,146.16138,mid,3,NSW_Round_Hill,150405
RH027,haktep,-32.96381,146.16138,old,2,NSW_Round_Hill,150405
RH023,haktep,-32.96381,146.16138,mid,1,NSW_Round_Hill,150405
RH024,haktep,-32.96381,146.16138,old,1,NSW_Round_Hill,150405
T111,lompol,-42.88596,147.22224,new,3,TAS_Mt_Wellington,150304
T113,lompol,-42.88596,147.22224,old,3,TAS_Mt_Wellington,150304
T105,lompol,-42.88596,147.22224,old,1,TAS_Mt_Wellington,150304
T107,lompol,-42.88596,147.22224,new,2,TAS_Mt_Wellington,150304
T112,lompol,-42.88596,147.22224,mid,3,TAS_Mt_Wellington,150304
T108,lompol,-42.88596,147.22224,mid,2,TAS_Mt_Wellington,150304
T109,lompol,-42.88596,147.22224,old,2,TAS_Mt_Wellington,150304
T104,lompol,-42.88596,147.22224,mid,1,TAS_Mt_Wellington,150304
T103,lompol,-42.88596,147.22224,new,1,TAS_Mt_Wellington,150304
T106,lompol,-42.88596,147.22224,sen,1,TAS_Mt_Wellington,150304
T110,lompol,-42.88596,147.22224,sen,2,TAS_Mt_Wellington,150304
T114,lompol,-42.88596,147.22224,sen,3,TAS_Mt_Wellington,150304
T360,lomtin,-43.04191,147.95053,mid,3,TAS_Tasman_Peninsula,150312
T357,lomtin,-43.04191,147.95053,mid,2,TAS_Tasman_Peninsula,150312
T356,lomtin,-43.04191,147.95053,new,2,TAS_Tasman_Peninsula,150312
T358,lomtin,-43.04191,147.95053,old,2,TAS_Tasman_Peninsula,150312
T359,lomtin,-43.04191,147.95053,new,3,TAS_Tasman_Peninsula,150312
T354,lomtin,-43.04191,147.95053,old,1,TAS_Tasman_Peninsula,150312
T352,lomtin,-43.04191,147.95053,new,1,TAS_Tasman_Peninsula,150312
T353,lomtin,-43.04191,147.95053,mid,1,TAS_Tasman_Peninsula,150312
T361,lomtin,-43.04191,147.95053,old,3,TAS_Tasman_Peninsula,150312
T355,lomtin,-43.04191,147.95053,sen,1,TAS_Tasman_Peninsula,150312
YG029,melpal,-32.78244,150.92318,new,1,NSW_Yengo_N,140420
YG031,melpal,-32.78244,150.92318,old,1,NSW_Yengo_N,140420
YG030,melpal,-32.78244,150.92318,mid,1,NSW_Yengo_N,140420
YG028,melpal,-32.78244,150.92318,sen,1,NSW_Yengo_N,140420
QL016,opihet,-17.37886,145.76225,new,2,QLD_Bartlefrere,150805
QL013,opihet,-17.37886,145.76225,new,1,QLD_Bartlefrere,150805
QL014,opihet,-17.37886,145.76225,mid,1,QLD_Bartlefrere,150805
QL017,opihet,-17.37886,145.76225,mid,2,QLD_Bartlefrere,150805
QL020,opihet,-17.37886,145.76225,mid,3,QLD_Bartlefrere,150805
QL018,opihet,-17.37886,145.76225,old,2,QLD_Bartlefrere,150805
QL021,opihet,-17.37886,145.76225,old,3,QLD_Bartlefrere,150805
QL015,opihet,-17.37886,145.76225,old,1,QLD_Bartlefrere,150805
QL019,opihet,-17.37886,145.76225,new,3,QLD_Bartlefrere,150805
T025,oriaci,-42.89581,147.23627,new,1,TAS_Mt_Wellington,150302
T030,oriaci,-42.89581,147.23627,mid,2,TAS_Mt_Wellington,150302
T026,oriaci,-42.89581,147.23627,mid,1,TAS_Mt_Wellington,150302
T034,oriaci,-42.89581,147.23627,mid,3,TAS_Mt_Wellington,150302
T033,oriaci,-42.89581,147.23627,new,3,TAS_Mt_Wellington,150302
T027,oriaci,-42.89581,147.23627,old,1,TAS_Mt_Wellington,150302
T035,oriaci,-42.89581,147.23627,old,3,TAS_Mt_Wellington,150302
T029,oriaci,-42.89581,147.23627,new,2,TAS_Mt_Wellington,150302
T031,oriaci,-42.89581,147.23627,old,2,TAS_Mt_Wellington,150302
T036,oriaci,-42.89581,147.23627,sen,3,TAS_Mt_Wellington,150302
T032,oriaci,-42.89581,147.23627,sen,2,TAS_Mt_Wellington,150302
T028,oriaci,-42.89581,147.23627,sen,1,TAS_Mt_Wellington,150302
T121,oridiv,-42.88596,147.22224,old,2,TAS_Mt_Wellington,150304
T123,oridiv,-42.88596,147.22224,new,3,TAS_Mt_Wellington,150304
T117,oridiv,-42.88596,147.22224,old,1,TAS_Mt_Wellington,150304
T115,oridiv,-42.88596,147.22224,new,1,TAS_Mt_Wellington,150304
T125,oridiv,-42.88596,147.22224,old,3,TAS_Mt_Wellington,150304
T116,oridiv,-42.88596,147.22224,mid,1,TAS_Mt_Wellington,150304
T119,oridiv,-42.88596,147.22224,new,2,TAS_Mt_Wellington,150304
T124,oridiv,-42.88596,147.22224,mid,3,TAS_Mt_Wellington,150304
T120,oridiv,-42.88596,147.22224,mid,2,TAS_Mt_Wellington,150304
T126,oridiv,-42.88596,147.22224,sen,3,TAS_Mt_Wellington,150304
T118,oridiv,-42.88596,147.22224,sen,1,TAS_Mt_Wellington,150304
T122,oridiv,-42.88596,147.22224,sen,2,TAS_Mt_Wellington,150304
T039,orirev,-42.89581,147.23627,old,1,TAS_Mt_Wellington,150302
T043,orirev,-42.89581,147.23627,old,2,TAS_Mt_Wellington,150302
T042,orirev,-42.89581,147.23627,mid,2,TAS_Mt_Wellington,150302
T047,orirev,-42.89581,147.23627,old,3,TAS_Mt_Wellington,150302
T038,orirev,-42.89581,147.23627,mid,1,TAS_Mt_Wellington,150302
T037,orirev,-42.89581,147.23627,new,1,TAS_Mt_Wellington,150302
T041,orirev,-42.89581,147.23627,new,2,TAS_Mt_Wellington,150302
T046,orirev,-42.89581,147.23627,mid,3,TAS_Mt_Wellington,150302
T045,orirev,-42.89581,147.23627,new,3,TAS_Mt_Wellington,150302
T040,orirev,-42.89581,147.23627,sen,1,TAS_Mt_Wellington,150302
T044,orirev,-42.89581,147.23627,sen,2,TAS_Mt_Wellington,150302
T048,orirev,-42.89581,147.23627,sen,3,TAS_Mt_Wellington,150302
QL248,perfal,-18.21169,145.52417,new,2,QLD_Blencoe_Falls,150816
QL250,perfal,-18.21169,145.52417,old,2,QLD_Blencoe_Falls,150816
QL245,perfal,-18.21169,145.52417,mid,1,QLD_Blencoe_Falls,150816
QL249,perfal,-18.21169,145.52417,mid,2,QLD_Blencoe_Falls,150816
QL252,perfal,-18.21169,145.52417,new,3,QLD_Blencoe_Falls,150816
QL246,perfal,-18.21169,145.52417,old,1,QLD_Blencoe_Falls,150816
QL244,perfal,-18.21169,145.52417,new,1,QLD_Blencoe_Falls,150816
QL254,perfal,-18.21169,145.52417,old,3,QLD_Blencoe_Falls,150816
QL253,perfal,-18.21169,145.52417,mid,3,QLD_Blencoe_Falls,150816
QL247,perfal,-18.21169,145.52417,sen,1,QLD_Blencoe_Falls,150816
QL255,perfal,-18.21169,145.52417,sen,3,QLD_Blencoe_Falls,150816
QL251,perfal,-18.21169,145.52417,sen,2,QLD_Blencoe_Falls,150816
T206,perjun,-42.38635,147.05113,mid,1,TAS_Bothwell,150308
T205,perjun,-42.38635,147.05113,new,1,TAS_Bothwell,150308
T207,perjun,-42.38635,147.05113,old,1,TAS_Bothwell,150308
T208,perjun,-42.38635,147.05113,sen,1,TAS_Bothwell,150308
T215,perjun,-42.38635,147.05113,old,3,TAS_Bothwell,150309
T210,perjun,-42.38635,147.05113,mid,2,TAS_Bothwell,150309
T209,perjun,-42.38635,147.05113,new,2,TAS_Bothwell,150309
T214,perjun,-42.38635,147.05113,mid,3,TAS_Bothwell,150309
T211,perjun,-42.38635,147.05113,old,2,TAS_Bothwell,150309
T213,perjun,-42.38635,147.05113,new,3,TAS_Bothwell,150309
T212,perjun,-42.38635,147.05113,sen,2,TAS_Bothwell,150309
YG176,perlan,-33.045,150.68326,mid,1,NSW_Yengo_S,140619
YG175,perlan,-33.045,150.68326,old,1,NSW_Yengo_S,140619
YG177,perlan,-33.045,150.68326,new,1,NSW_Yengo_S,140619
YG184,perlan,-33.045,150.68326,new,2,NSW_Yengo_S,140620
YG183,perlan,-33.045,150.68326,mid,2,NSW_Yengo_S,140620
YG182,perlan,-33.045,150.68326,old,2,NSW_Yengo_S,140620
YG200,perlan,-33.045,150.68326,new,3,NSW_Yengo_S,140623
YG199,perlan,-33.045,150.68326,mid,3,NSW_Yengo_S,140623
YG209,perlan,-33.045,150.68326,old,3,NSW_Yengo_S,140623
KG026,perlev,-33.6933,151.14541,old,1,NSW_Kuringai_top,140603
KG027,perlev,-33.6933,151.14541,mid,1,NSW_Kuringai_top,140603
KG028,perlev,-33.6933,151.14541,new,1,NSW_Kuringai_top,140603
KG025,perlev,-33.6933,151.14541,sen,1,NSW_Kuringai_top,140603
KG054,perlev,-33.6933,151.14541,mid,2,NSW_Kuringai_top,140604
KG055,perlev,-33.6933,151.14541,new,2,NSW_Kuringai_top,140604
KG053,perlev,-33.6933,151.14541,old,2,NSW_Kuringai_top,140604
KG052,perlev,-33.6933,151.14541,sen,2,NSW_Kuringai_top,140604
KG087,perlev,-33.6933,151.14541,new,3,NSW_Kuringai_top,140611
KG085,perlev,-33.6933,151.14541,old,3,NSW_Kuringai_top,140611
KG086,perlev,-33.6933,151.14541,mid,3,NSW_Kuringai_top,140611
KG084,perlev,-33.6933,151.14541,sen,3,NSW_Kuringai_top,140611
YG005,perlin,-32.78244,150.92318,sen,1,NSW_Yengo_N,140419
YG008,perlin,-32.78244,150.92318,old,1,NSW_Yengo_N,140419
YG007,perlin,-32.78244,150.92318,mid,1,NSW_Yengo_N,140419
YG006,perlin,-32.78244,150.92318,new,1,NSW_Yengo_N,140419
YG068,perlin,-32.78244,150.92318,new,2,NSW_Yengo_N,140524
YG066,perlin,-32.78244,150.92318,old,2,NSW_Yengo_N,140524
YG067,perlin,-32.78244,150.92318,mid,2,NSW_Yengo_N,140524
YG065,perlin,-32.78244,150.92318,sen,2,NSW_Yengo_N,140524
YG111,perlin,-32.78244,150.92318,old,3,NSW_Yengo_N,140607
YG113,perlin,-32.78244,150.92318,new,3,NSW_Yengo_N,140607
YG112,perlin,-32.78244,150.92318,mid,3,NSW_Yengo_N,140607
YG110,perlin,-32.78244,150.92318,sen,3,NSW_Yengo_N,140607
YG014,podili,-32.78244,150.92318,mid,1,NSW_Yengo_N,140419
YG012,podili,-32.78244,150.92318,sen,1,NSW_Yengo_N,140419
YG015,podili,-32.78244,150.92318,old,1,NSW_Yengo_N,140419
YG013,podili,-32.78244,150.92318,new,1,NSW_Yengo_N,140419
T095,teltru,-42.88515,147.22187,new,2,TAS_Mt_Wellington,150303
T091,teltru,-42.88515,147.22187,new,1,TAS_Mt_Wellington,150303
T097,teltru,-42.88515,147.22187,old,2,TAS_Mt_Wellington,150303
T092,teltru,-42.88515,147.22187,mid,1,TAS_Mt_Wellington,150303
T096,teltru,-42.88515,147.22187,mid,2,TAS_Mt_Wellington,150303
T093,teltru,-42.88515,147.22187,old,1,TAS_Mt_Wellington,150303
T100,teltru,-42.88596,147.22224,mid,3,TAS_Mt_Wellington,150303
T099,teltru,-42.88596,147.22224,new,3,TAS_Mt_Wellington,150303
T101,teltru,-42.88596,147.22224,old,3,TAS_Mt_Wellington,150303
T094,teltru,-42.88515,147.22187,sen,1,TAS_Mt_Wellington,150303
T102,teltru,-42.88596,147.22224,sen,3,TAS_Mt_Wellington,150303
T098,teltru,-42.88515,147.22187,sen,2,TAS_Mt_Wellington,150303
T178,teltru,-42.8358,146.37903,mid,3,TAS_Frodshams_Pass,150307
T179,teltru,-42.8358,146.37903,old,3,TAS_Frodshams_Pass,150307
T177,teltru,-42.8358,146.37903,new,3,TAS_Frodshams_Pass,150307
T171,teltru,-42.8358,146.37903,old,1,TAS_Frodshams_Pass,150307
T169,teltru,-42.8358,146.37903,new,1,TAS_Frodshams_Pass,150307
T175,teltru,-42.8358,146.37903,old,2,TAS_Frodshams_Pass,150307
T173,teltru,-42.8358,146.37903,new,2,TAS_Frodshams_Pass,150307
T174,teltru,-42.8358,146.37903,mid,2,TAS_Frodshams_Pass,150307
T170,teltru,-42.8358,146.37903,mid,1,TAS_Frodshams_Pass,150307
T172,teltru,-42.8358,146.37903,sen,1,TAS_Frodshams_Pass,150307
T176,teltru,-42.8358,146.37903,sen,2,TAS_Frodshams_Pass,150307
T180,teltru,-42.8358,146.37903,sen,3,TAS_Frodshams_Pass,150307
KG093,xylpyr,-33.67856,151.14825,old,1,NSW_Kuringai_bottom,140612
KG095,xylpyr,-33.67856,151.14825,new,1,NSW_Kuringai_bottom,140612
KG094,xylpyr,-33.67856,151.14825,mid,1,NSW_Kuringai_bottom,140612
KG092,xylpyr,-33.67856,151.14825,sen,1,NSW_Kuringai_bottom,140612
KG110,xylpyr,-33.67856,151.14825,mid,2,NSW_Kuringai_bottom,140613
KG111,xylpyr,-33.67856,151.14825,new,2,NSW_Kuringai_bottom,140613
KG109,xylpyr,-33.67856,151.14825,old,2,NSW_Kuringai_bottom,140613
KG108,xylpyr,-33.67856,151.14825,sen,2,NSW_Kuringai_bottom,140613
KG131,xylpyr,-33.67856,151.14825,new,3,NSW_Kuringai_bottom,140617
KG130,xylpyr,-33.67856,151.14825,mid,3,NSW_Kuringai_bottom,140617
KG129,xylpyr,-33.67856,151.14825,old,3,NSW_Kuringai_bottom,140617
KG128,xylpyr,-33.67856,151.14825,sen,3,NSW_Kuringai_bottom,140617
QL283,xylsco,-18.29731,145.48898,new,2,QLD_Princess_Hill,150819
QL287,xylsco,-18.29731,145.48898,mid,3,QLD_Princess_Hill,150819
QL280,xylsco,-18.29731,145.48898,new,1,QLD_Princess_Hill,150819
QL284,xylsco,-18.29731,145.48898,mid,2,QLD_Princess_Hill,150819
QL288,xylsco,-18.29731,145.48898,old,3,QLD_Princess_Hill,150819
QL286,xylsco,-18.29731,145.48898,new,3,QLD_Princess_Hill,150819
QL282,xylsco,-18.29731,145.48898,old,1,QLD_Princess_Hill,150819
QL281,xylsco,-18.29731,145.48898,mid,1,QLD_Princess_Hill,150819
QL285,xylsco,-18.29731,145.48898,old,2,QLD_Princess_Hill,150819
