V1,V2,V3,V4,funccat_sum,%
amino_acid_metabolism,degradation,aromatic_aa,tryptophan,0.528657034,1.84E-05
amino_acid_metabolism,degradation,aromatic_aa,tyrosine,9.86068405,0.000343137
amino_acid_metabolism,degradation,aspartate_family,asparagine,0.857154628,2.98E-05
amino_acid_metabolism,degradation,aspartate_family,methionine,22.13945718,0.000770419
amino_acid_metabolism,degradation,branched_chain_group,isoleucine,3.548823575,0.000123494
amino_acid_metabolism,degradation,branched_chain_group,leucine,5.604104305,0.000195014
amino_acid_metabolism,degradation,branched_chain_group,shared,12.44879063,0.000433199
amino_acid_metabolism,degradation,branched_chain_group,valine,2.396916132,8.34E-05
amino_acid_metabolism,degradation,glutamate_family,arginine,1.976209044,6.88E-05
amino_acid_metabolism,degradation,glutamate_family,proline,2.652353442,9.23E-05
amino_acid_metabolism,degradation,serine_glycine_cysteine_group,cysteine,2.828193722,9.84E-05
amino_acid_metabolism,degradation,serine_glycine_cysteine_group,glycine,160.0678538,0.005570114
amino_acid_metabolism,,,,5.494368239,0.000191196
amino_acid_metabolism,misc,,,4.481035045,0.000155933
amino_acid_metabolism,synthesis,aromatic_aa,chorismate,11.55466436,0.000402084
amino_acid_metabolism,synthesis,aromatic_aa,phenylalanine_and_tyrosine,1.718587266,5.98E-05
amino_acid_metabolism,synthesis,aromatic_aa,tryptophan,4.671696425,0.000162568
amino_acid_metabolism,synthesis,aspartate_family,asparagine,1.443511557,5.02E-05
amino_acid_metabolism,synthesis,aspartate_family,lysine,9.922070158,0.000345273
amino_acid_metabolism,synthesis,aspartate_family,methionine,78.27375127,0.002723805
amino_acid_metabolism,synthesis,aspartate_family,misc,1.237263446,4.31E-05
amino_acid_metabolism,synthesis,aspartate_family,threonine,2.249504344,7.83E-05
amino_acid_metabolism,synthesis,branched_chain_group,common,13.25593157,0.000461286
amino_acid_metabolism,synthesis,branched_chain_group,leucine_specific,7.300519059,0.000254047
amino_acid_metabolism,synthesis,central_amino_acid_metabolism,alanine,1.327438408,4.62E-05
amino_acid_metabolism,synthesis,central_amino_acid_metabolism,aspartate,39.7727108,0.001384029
amino_acid_metabolism,synthesis,central_amino_acid_metabolism,GABA,18.95120495,0.000659473
amino_acid_metabolism,synthesis,glutamate_family,arginine,6.696785151,0.000233038
amino_acid_metabolism,synthesis,histidine,ATP_phosphoribosyl_transferase,0.721446211,2.51E-05
amino_acid_metabolism,synthesis,histidine,histidinol_dehydrogenase,0.855492091,2.98E-05
amino_acid_metabolism,synthesis,histidine,N_5_phosphoribosyl_formimino_5_aminoimidazole_4_carboxamide_ribonucleotide_isomerase,1.124389026,3.91E-05
amino_acid_metabolism,synthesis,serine_glycine_cysteine_group,cysteine,32.20132296,0.001120556
amino_acid_metabolism,synthesis,serine_glycine_cysteine_group,serine,15.00931413,0.000522301
Biodegradation_of_Xenobiotics,hydroxyacylglutathione_hydrolase,,,0.685203158,2.38E-05
Biodegradation_of_Xenobiotics,lactoylglutathione_lyase,,,66.05427417,0.002298587
C1_metabolism,,,,11.41328605,0.000397165
C1_metabolism,formate_dehydrogenase,,,7.339500376,0.000255403
C1_metabolism,formate_tetrahydrofolate_ligase,,,9.864665135,0.000343275
C1_metabolism,Methylenetetrahydrofolate_dehydrogenase_&_Methenyltetrahydrofolate_cyclohydrolase,,,1.139600771,3.97E-05
C1_metabolism,methylenetetrahydrofolate_reductase,,,4.688127513,0.00016314
C1_metabolism,tetrahydrofolate_synthase,,,1.098949428,3.82E-05
cell,cell_death,plants,,0.515858431,1.80E-05
cell,cycle,peptidylprolyl_isomerase,,63.52693626,0.002210639
cell,division,,,53.75218121,0.001870493
cell,division,plastid,,1.355903742,4.72E-05
cell,organisation,cytoskeleton,actin,58.80388255,0.002046284
cell,organisation,cytoskeleton,mikrotubuli,49.25131449,0.00171387
cell,organisation,,,134.1690786,0.004668876
cell,vesicle_transport,,,52.3327963,0.0018211
cell_wall,cell_wall_proteins,RGP,,13.85636516,0.00048218
cell_wall,cellulose_synthesis,cellulose_synthase,,22.04020068,0.000766965
cell_wall,degradation,cellulases_and_beta__14_glucanases,,0.437196214,1.52E-05
cell_wall,degradation,mannan_xylose_arabinose_fucose,,20.126494,0.000700371
cell_wall,degradation,pectate_lyases_and_polygalacturonases,,1.02516498,3.57E-05
cell_wall,pectin*esterases,PME,,2.03062125,7.07E-05
cell_wall,precursor_synthesis,AXS,,0.519043387,1.81E-05
cell_wall,precursor_synthesis,GMD,,0.337570491,1.17E-05
cell_wall,precursor_synthesis,KDO_pathway,CMP_KDO_Synthetase,0.589767584,2.05E-05
cell_wall,precursor_synthesis,KDO_pathway,KDO_8_Phosphate_Synthase,0.856984943,2.98E-05
cell_wall,precursor_synthesis,NDP_sugar_pyrophosphorylase,GDP_mannose,1.270070308,4.42E-05
cell_wall,precursor_synthesis,NDP_sugar_pyrophosphorylase,multiple_NDP_Sugars,9.957065168,0.00034649
cell_wall,precursor_synthesis,phosphomannomutase,,0.164124232,5.71E-06
cell_wall,precursor_synthesis,RHM,,1.807458801,6.29E-05
cell_wall,precursor_synthesis,UDP_Glc_dehydrogenase_(UGD),,2.228874566,7.76E-05
cell_wall,precursor_synthesis,UGE,,10.82911367,0.000376836
cell_wall,precursor_synthesis,UXS,,1.771581657,6.16E-05
Co_factor_and_vitamine_metabolism,,,,6.93332596,0.000241269
Co_factor_and_vitamine_metabolism,iron_sulphur_clusters,,,0.248732,8.66E-06
Co_factor_and_vitamine_metabolism,pantothenate,pantothenate_kinase_(PANK),,0.923021847,3.21E-05
Co_factor_and_vitamine_metabolism,riboflavin,riboflavin_synthase,,2.340028729,8.14E-05
Co_factor_and_vitamine_metabolism,thiamine,,,18.63745705,0.000648555
Co_factor_and_vitamine_metabolism,thiamine,hydroxymethylpyrimidine_kinase,,0.576349844,2.01E-05
development,late_embryogenesis_abundant,,,4.836275289,0.000168295
development,storage_proteins,,,1.208317941,4.20E-05
development,unspecified,,,40.30696389,0.00140262
DNA,repair,,,2.01378504,7.01E-05
DNA,synthesis/chromatin_structure,,,16.84753564,0.000586268
DNA,synthesis/chromatin_structure,histone,core,98.14336237,0.003415237
DNA,synthesis/chromatin_structure,histone,H1,0.378453454,1.32E-05
DNA,unspecified,,,20.20292977,0.000703031
ell_wall,precursor_synthesis,sugar_kinases,arabinose_1_kinase,2.291698786,7.97E-05
fermentation,ADH,,,44.66071131,0.001554124
fermentation,aldehyde_dehydrogenase,,,57.56771194,0.002003267
fermentation,PDC,,,10.46238466,0.000364075
gluconeogenesis_/_glyoxylate_cycle,citrate_synthase,,,1.036126482,3.61E-05
gluconeogenesis_/_glyoxylate_cycle,Malate_DH,,,81.78628057,0.002846036
gluconeogenesis_/_glyoxylate_cycle,pyruvate_dikinase,,,15.68666697,0.000545872
glycolysis,cytosolic_branch,3_phosphoglycerate_kinase_(PGK),,73.9857829,0.002574591
glycolysis,cytosolic_branch,fructose_26_bisphosphatase_(Fru26BisPase),,4.150402545,0.000144428
glycolysis,cytosolic_branch,glucose_6_phosphate_isomerase,,8.442302906,0.000293779
glycolysis,cytosolic_branch,glyceraldehyde_3_phosphate_dehydrogenase_(GAP_DH),,65.83750105,0.002291043
glycolysis,cytosolic_branch,non_phosphorylating_glyceraldehyde_3_phosphate_dehydrogenase_(NPGAP_DH),,39.17784577,0.001363328
glycolysis,cytosolic_branch,phospho_enol_pyruvate_carboxylase_(PEPC),,35.96288952,0.001251453
glycolysis,cytosolic_branch,phosphofructokinase_(PFK),,5.133362449,0.000178633
glycolysis,cytosolic_branch,phosphoglucomutase_(PGM),,39.34251928,0.001369059
glycolysis,cytosolic_branch,phosphoglycerate_mutase,,17.56561405,0.000611256
glycolysis,cytosolic_branch,pyrophosphate_fructose_6_P_phosphotransferase,,7.384165777,0.000256958
glycolysis,cytosolic_branch,pyruvate_kinase_(PK),,23.30251672,0.000810892
glycolysis,cytosolic_branch,triosephosphate_isomerase_(TPI),,23.37592823,0.000813446
glycolysis,cytosolic_branch,UGPase,,29.63122924,0.001031121
glycolysis,plastid_branch,glucose_6_phosphate_isomerase,,4.472652595,0.000155641
glycolysis,plastid_branch,glyceraldehyde_3_phosphate_dehydrogenase_(GAP_DH),,0.715456829,2.49E-05
glycolysis,plastid_branch,phosphoglucomutase_(PGM),,14.74207772,0.000513001
glycolysis,plastid_branch,pyruvate_kinase_(PK),,0.65197772,2.27E-05
glycolysis,unclear/dually_targeted,phosphoglycerate_mutase,,7.573761282,0.000263555
hormone_metabolism,abscisic_acid,induced_regulated_responsive_activated,,1.09300663,3.80E-05
hormone_metabolism,abscisic_acid,synthesis_degradation,,2.416370167,8.41E-05
hormone_metabolism,abscisic_acid,synthesis_degradation,synthesis,12.24066876,0.000425956
hormone_metabolism,auxin,,,0.193600461,6.74E-06
hormone_metabolism,auxin,induced_regulated_responsive_activated,,16.37973628,0.000569989
hormone_metabolism,auxin,signal_transduction,,7.104751205,0.000247234
hormone_metabolism,auxin,synthesis_degradation,,5.721419811,0.000199097
hormone_metabolism,brassinosteroid,signal_transduction,other,1.264128374,4.40E-05
hormone_metabolism,brassinosteroid,synthesis_degradation,sterols,0.552082177,1.92E-05
hormone_metabolism,cytokinin,synthesis_degradation,,5.053860639,0.000175867
hormone_metabolism,,,,0.782085112,2.72E-05
hormone_metabolism,ethylene,induced_regulated_responsive_activated,,0.18106841,6.30E-06
hormone_metabolism,ethylene,synthesis_degradation,1_aminocyclopropane_1_carboxylate_oxidase,0.958335955,3.33E-05
hormone_metabolism,ethylene,synthesis_degradation,,4.059819745,0.000141275
hormone_metabolism,jasmonate,synthesis_degradation,12_Oxo_PDA_reductase,4.244967966,0.000147718
hormone_metabolism,jasmonate,synthesis_degradation,allene_oxidase_cyclase,5.011954466,0.000174408
hormone_metabolism,jasmonate,synthesis_degradation,jasmonate_O_methyltransferase,0.122225155,4.25E-06
hormone_metabolism,jasmonate,synthesis_degradation,lipoxygenase,167.7221247,0.00583647
hormone_metabolism,salicylic_acid,synthesis_degradation,,1.73901114,6.05E-05
hormone_metabolism,salicylic_acid,synthesis_degradation,synthesis,5.424363542,0.000188759
lipid_metabolism,exotics(steroids,,,2.241381344,7.80E-05
lipid_metabolism,exotics_(steroids,,,0.559916481,1.95E-05
lipid_metabolism,FA_desaturation,omega_3_desaturase,,0.266622159,9.28E-06
lipid_metabolism,FA_synthesis_and_FA_elongation,Acetyl_CoA_Carboxylation,,0.199791339,6.95E-06
lipid_metabolism,FA_synthesis_and_FA_elongation,Acetyl_CoA_Carboxylation,heteromeric_Complex,10.90744933,0.000379562
lipid_metabolism,FA_synthesis_and_FA_elongation,Acetyl_CoA_Carboxylation,homomeric_Enzyme,5.264065098,0.000183181
lipid_metabolism,FA_synthesis_and_FA_elongation,Acetyl_CoA_Transacylase,,1.787182604,6.22E-05
lipid_metabolism,FA_synthesis_and_FA_elongation,ACP_desaturase,,0.20507061,7.14E-06
lipid_metabolism,FA_synthesis_and_FA_elongation,ACP_oxoacyl_reductase,,1.604569547,5.58E-05
lipid_metabolism,FA_synthesis_and_FA_elongation,ACP_protein,,9.758093152,0.000339567
lipid_metabolism,FA_synthesis_and_FA_elongation,acyl_coa_ligase,,9.236855258,0.000321428
lipid_metabolism,FA_synthesis_and_FA_elongation,beta_hydroxyacyl_ACP_dehydratase,,1.573517045,5.48E-05
lipid_metabolism,FA_synthesis_and_FA_elongation,enoyl_ACP_reductase,,6.368684558,0.00022162
lipid_metabolism,FA_synthesis_and_FA_elongation,ketoacyl_ACP_synthase,,3.783092603,0.000131646
lipid_metabolism,FA_synthesis_and_FA_elongation,long_chain_fatty_acid_CoA_ligase,,11.83256729,0.000411755
lipid_metabolism,FA_synthesis_and_FA_elongation,pyruvate_DH,,1.058095435,3.68E-05
lipid_metabolism,glyceral_metabolism,FAD_depend,,1.123433609,3.91E-05
lipid_metabolism,glycolipid_synthesis,UDP_sulfoquinovose_synthase,,12.74751644,0.000443594
lipid_metabolism,lipid_degradation,beta_oxidation,acyl_CoA_DH,4.682193815,0.000162933
lipid_metabolism,lipid_degradation,beta_oxidation,acyl_CoA_thioesterase,4.270320559,0.000148601
lipid_metabolism,lipid_degradation,beta_oxidation,enoyl_CoA_hydratase,3.768025927,0.000131121
lipid_metabolism,lipid_degradation,beta_oxidation,enoyl_isomerase,0.645961057,2.25E-05
lipid_metabolism,lipid_degradation,beta_oxidation,multifunctional,8.446352378,0.00029392
lipid_metabolism,lipid_degradation,,,0.464862317,1.62E-05
lipid_metabolism,lipid_degradation,lipases,,1.28745837,4.48E-05
lipid_metabolism,lipid_degradation,lysophospholipases,carboxylesterase,6.18821034,0.00021534
lipid_metabolism,lipid_degradation,lysophospholipases,,0.791677726,2.75E-05
lipid_metabolism,lipid_degradation,lysophospholipases,glycerophosphodiester_phosphodiesterase,7.497973919,0.000260918
lipid_metabolism,lipid_degradation,lysophospholipases,phospholipase_D,17.99625508,0.000626242
lipid_metabolism,lipid_degradation,palmitoyl[protein]_hydrolase,,3.927145883,0.000136659
lipid_metabolism,lipid_transfer_proteins_etc,,,15.64281067,0.000544346
lipid_metabolism,Phospholipid_synthesis,1_acylglycerol_3_phosphate_O_acyltransferase,,6.876900914,0.000239306
lipid_metabolism,Phospholipid_synthesis,,,0.835823727,2.91E-05
lipid_metabolism,unassigned,,,1.109473746,3.86E-05
major_CHO_metabolism,degradation,starch,D_enzyme,6.751105626,0.000234928
major_CHO_metabolism,degradation,starch,glucan_water_dikinase,13.65044233,0.000475014
major_CHO_metabolism,degradation,starch,ISA3,1.636486186,5.69E-05
major_CHO_metabolism,degradation,starch,laforin_like_phosphoglucan_phosphatase_(SEX4),1.117145466,3.89E-05
major_CHO_metabolism,degradation,starch,starch_cleavage,10.90323507,0.000379416
major_CHO_metabolism,degradation,starch,starch_phosphorylase,23.94639398,0.000833297
major_CHO_metabolism,degradation,starch,transporter,19.9819031,0.000695339
major_CHO_metabolism,degradation,sucrose,fructokinase,12.12476169,0.000421923
major_CHO_metabolism,degradation,sucrose,hexokinase,9.104528458,0.000316824
major_CHO_metabolism,degradation,sucrose,invertases,3.429816917,0.000119352
major_CHO_metabolism,degradation,sucrose,Susy,52.80690747,0.001837599
major_CHO_metabolism,synthesis,starch,AGPase,64.5169163,0.002245089
major_CHO_metabolism,synthesis,starch,starch_branching,20.27813658,0.000705648
major_CHO_metabolism,synthesis,starch,starch_synthase,12.60443026,0.000438615
major_CHO_metabolism,synthesis,sucrose,FBPase,13.29509432,0.000462649
major_CHO_metabolism,synthesis,sucrose,SPP,8.007475952,0.000278648
major_CHO_metabolism,synthesis,sucrose,SPS,6.458102203,0.000224732
metal_handling,acquisition,,,4.758003426,0.000165571
metal_handling,binding,,,16.18933763,0.000563364
metal_handling,,,,8.723251384,0.000303556
metal_handling,regulation,,,0.70054789,2.44E-05
minor_CHO_metabolism,galactose,alpha_galactosidases,,3.096299899,0.000107746
minor_CHO_metabolism,galactose,galactokinases,,9.960118639,0.000346597
minor_CHO_metabolism,myo_inositol,inositol_phosphatase,,4.330187008,0.000150684
minor_CHO_metabolism,myo_inositol,InsP_Synthases,,3.243782591,0.000112879
minor_CHO_metabolism,others,,,67.59767777,0.002352295
minor_CHO_metabolism,others,Xylose_isomerase,,4.349780987,0.000151366
minor_CHO_metabolism,raffinose_family,galactinol_synthases,known,18.50794856,0.000644048
minor_CHO_metabolism,raffinose_family,raffinose_synthases,known,45.30352869,0.001576493
minor_CHO_metabolism,raffinose_family,raffinose_synthases,putative,34.65614881,0.00120598
minor_CHO_metabolism,raffinose_family,stachyose_synthases,,0.951338727,3.31E-05
minor_CHO_metabolism,sugar_alcohols,,,13.04277519,0.000453868
minor_CHO_metabolism,sugar_kinases,,,4.680726361,0.000162882
minor_CHO_metabolism,trehalose,trehalase,,1.783916432,6.21E-05
misc,_other_Ferredoxins_and_Rieske_domain,,,10.71552255,0.000372884
misc,acid_and_other_phosphatases,,,41.01909329,0.001427401
misc,acyl_transferases,,,2.019226667,7.03E-05
misc,alcohol_dehydrogenases,cinnamyl_alcohol_dehydrogenase,,5.963435474,0.000207518
misc,alcohol_dehydrogenases,,,9.837432256,0.000342327
misc,aminotransferases,aminotransferase_class_IV_family_protein,,1.192929095,4.15E-05
misc,cytochrome_P450,,,19.96652951,0.000694804
misc,dynamin,,,3.162018095,0.000110033
misc,GCN5_related_N_acetyltransferase,,,0.108751211,3.78E-06
misc,GDSL_motif_lipase,,,20.26610684,0.000705229
misc,gluco_,,,45.54993622,0.001585067
misc,glutathione_S_transferases,,,102.8455497,0.003578866
misc,misc2,,,84.00534394,0.002923256
misc,nitrilases,,,17.02021562,0.000592277
misc,O_methyl_transferases,,,6.969583365,0.000242531
misc,oxidases___copper,,,75.10136462,0.002613411
misc,peroxidases,,,27.28743628,0.000949561
misc,plastocyanin_like,,,0.169537714,5.90E-06
misc,protease_inhibitor/seed_storage/lipid_transfer_protein_(LTP)_family_protein,,,7.750813522,0.000269716
misc,rhodanese,,,7.843407594,0.000272938
misc,short_chain_dehydrogenase/reductase_(SDR),,,26.63096945,0.000926717
misc,UDP_glucosyl_and_glucoronyl_transferases,,,4.818784816,0.000167686
mitochondrial_electron_transport_/_ATP_synthesis,alternative_oxidase,,,0.801861141,2.79E-05
mitochondrial_electron_transport_/_ATP_synthesis,cytochrome_c,,,5.685219183,0.000197837
mitochondrial_electron_transport_/_ATP_synthesis,cytochrome_c_oxidase,,,10.68983536,0.00037199
mitochondrial_electron_transport_/_ATP_synthesis,cytochrome_c_reductase,,,6.833095311,0.000237781
mitochondrial_electron_transport_/_ATP_synthesis,electron_transfer_flavoprotein,,,0.186459672,6.49E-06
mitochondrial_electron_transport_/_ATP_synthesis,F1_ATPase,,,261.2490661,0.009091063
mitochondrial_electron_transport_/_ATP_synthesis,NADH_DH,complex_I,carbonic_anhydrase,5.443258713,0.000189417
mitochondrial_electron_transport_/_ATP_synthesis,NADH_DH,complex_I,,6.605453306,0.00022986
mitochondrial_electron_transport_/_ATP_synthesis,NADH_DH,localisation_not_clear,,36.1998077,0.001259697
mitochondrial_electron_transport_/_ATP_synthesis,NADH_DH,type_II,external,4.7481624,0.000165229
mitochondrial_electron_transport_/_ATP_synthesis,NADH_DH,type_II,mitochondrial,5.215538564,0.000181493
mitochondrial_electron_transport_/_ATP_synthesis,uncoupling_protein,,,0.106200814,3.70E-06
N_metabolism,ammonia_metabolism,glutamate_synthase,ferredoxin_depend,145.3467813,0.005057843
N_metabolism,ammonia_metabolism,glutamine_synthetase,,186.0439305,0.006474041
N_metabolism,ammonia_metabolism,unspecified,,0.186259088,6.48E-06
N_metabolism,N_degradation,glutamate_dehydrogenase,,8.454533578,0.000294205
not_assigned,no_ontology,ABC1_family_protein,,0.608084037,2.12E-05
not_assigned,no_ontology,armadillo/beta_catenin_repeat_family_protein,,0.445083561,1.55E-05
not_assigned,no_ontology,C2_domain_containing_protein,,1.38270301,4.81E-05
not_assigned,no_ontology,DC1_domain_containing_protein,,16.36530903,0.000569487
not_assigned,no_ontology,,,300.1210087,0.010443747
not_assigned,no_ontology,epsin_N_terminal_homology_(ENTH)_domain_containing_protein,,0.616608165,2.15E-05
not_assigned,no_ontology,glycine_rich_proteins,,0.322183265,1.12E-05
not_assigned,no_ontology,hydroxyproline_rich_proteins,,24.34556502,0.000847188
not_assigned,no_ontology,pentatricopeptide_(PPR)_repeat_containing_protein,,9.670053952,0.000336503
not_assigned,no_ontology,proline_rich_family,,2.707839386,9.42E-05
not_assigned,no_ontology,tetratricopeptide_repeat_(TPR),,1.247613973,4.34E-05
not_assigned,unknown,,,619.6603373,0.021563221
nucleotide_metabolism,degradation,,,3.912067822,0.000136134
nucleotide_metabolism,degradation,pyrimidine,beta_ureidopropionase,0.880309545,3.06E-05
nucleotide_metabolism,degradation,pyrimidine,dihydropyrimidinase,52.39340786,0.00182321
nucleotide_metabolism,deoxynucleotide_metabolism,cytosine_deaminase,,0.940154303,3.27E-05
nucleotide_metabolism,phosphotransfer_and_pyrophosphatases,adenylate_kinase,,12.23303136,0.000425691
nucleotide_metabolism,phosphotransfer_and_pyrophosphatases,misc,,43.65493363,0.001519124
nucleotide_metabolism,phosphotransfer_and_pyrophosphatases,nucleoside_diphosphate_kinase,,19.89527309,0.000692325
nucleotide_metabolism,phosphotransfer_and_pyrophosphatases,uridylate_kinase,,0.125897004,4.38E-06
nucleotide_metabolism,salvage,nucleoside_kinases,adenosine_kinase,4.415834256,0.000153664
nucleotide_metabolism,salvage,nucleoside_kinases,uridine_kinase,0.934811728,3.25E-05
nucleotide_metabolism,salvage,NUDIX_hydrolases,,2.758100431,9.60E-05
nucleotide_metabolism,salvage,phosphoribosyltransferases,aprt,1.584759729,5.51E-05
nucleotide_metabolism,salvage,phosphoribosyltransferases,upp,2.22226114,7.73E-05
nucleotide_metabolism,synthesis,PRS_PP,,0.905773557,3.15E-05
nucleotide_metabolism,synthesis,purine,adenylosuccinate_synthase,3.740802044,0.000130174
nucleotide_metabolism,synthesis,purine,AIR_carboxylase,2.216851561,7.71E-05
nucleotide_metabolism,synthesis,purine,amidophosphoribosyltransferase,2.474369911,8.61E-05
nucleotide_metabolism,synthesis,purine,FGAR_amidotransferase,5.984026329,0.000208235
nucleotide_metabolism,synthesis,purine,GAR_Synthetase,0.570338729,1.98E-05
nucleotide_metabolism,synthesis,purine,GMP_synthetase,0.924852041,3.22E-05
nucleotide_metabolism,synthesis,purine,IMP_dehydrogenase,0.827382284,2.88E-05
nucleotide_metabolism,synthesis,purine,SAICAR_lyase,1.316832645,4.58E-05
nucleotide_metabolism,synthesis,pyrimidine,carbamoyl_phosphate_synthetase,4.903932015,0.000170649
nucleotide_metabolism,synthesis,pyrimidine,dihydroorotate_dehydrogenase,0.096085388,3.34E-06
OPP,electron_transfer,,,1.165381942,4.06E-05
OPP,non_reductive_PP,ribose_5_phosphate_isomerase,,31.7536119,0.001104977
OPP,non_reductive_PP,transaldolase,,2.990453721,0.000104063
OPP,oxidative_PP,6_phosphogluconate_dehydrogenase,,15.65883043,0.000544903
OPP,oxidative_PP,6_phosphogluconolactonase,,1.877450411,6.53E-05
OPP,oxidative_PP,G6PD,,5.345703132,0.000186022
polyamine_metabolism,synthesis,agmatine_deiminase,,1.998257882,6.95E-05
polyamine_metabolism,synthesis,N_carbamoylputrescine_amidohydrolase,,0.955926821,3.33E-05
polyamine_metabolism,synthesis,spermidine_synthase,,1.358284974,4.73E-05
protein,aa_activation,alanine_tRNA_ligase,,19.99431797,0.000695771
protein,aa_activation,arginine_tRNA_ligase,,3.449211755,0.000120027
protein,aa_activation,asparagine_tRNA_ligase,,5.141823088,0.000178927
protein,aa_activation,aspartate_tRNA_ligase,,8.137494533,0.000283172
protein,aa_activation,bifunctional_aminoacyl_tRNA_synthetase,,5.987894424,0.000208369
protein,aa_activation,cysteine_tRNA_ligase,,1.802946702,6.27E-05
protein,aa_activation,,,0.409719199,1.43E-05
protein,aa_activation,glutamate_tRNA_ligase,,3.176520943,0.000110538
protein,aa_activation,glutamine_tRNA_ligase,,4.347566737,0.000151289
protein,aa_activation,glycine_tRNA_ligase,,19.12040487,0.000665361
protein,aa_activation,histidine_tRNA_ligase,,2.534291907,8.82E-05
protein,aa_activation,isoleucine_tRNA_ligase,,0.892295811,3.11E-05
protein,aa_activation,leucine_tRNA_ligase,,5.932049407,0.000206426
protein,aa_activation,lysine_tRNA_ligase,,1.782363836,6.20E-05
protein,aa_activation,methionine_tRNA_ligase,,5.207241941,0.000181204
protein,aa_activation,phenylalanine_tRNA_ligase,,3.021433818,0.000105141
protein,aa_activation,serine_tRNA_ligase,,4.644699991,0.000161628
protein,aa_activation,threonine_tRNA_ligase,,5.991626269,0.000208499
protein,aa_activation,tyrosine_tRNA_ligase,,1.895769903,6.60E-05
protein,aa_activation,valine_tRNA_ligase,,4.428010537,0.000154088
protein,assembly_and_cofactor_ligation,,,21.18153025,0.000737084
protein,degradation,AAA_type,,1.150382081,4.00E-05
protein,degradation,aspartate_protease,,6.328619799,0.000220226
protein,degradation,cysteine_protease,,34.8038263,0.001211119
protein,degradation,,,181.165012,0.006304262
protein,degradation,metalloprotease,,93.63815146,0.003258463
protein,degradation,serine_protease,,127.3356123,0.004431082
protein,degradation,subtilases,,40.3085784,0.001402676
protein,degradation,ubiquitin,E1,16.03187886,0.000557885
protein,degradation,ubiquitin,E2,1.697207703,5.91E-05
protein,degradation,ubiquitin,E3,2.386522958,8.30E-05
protein,degradation,ubiquitin,,10.75164142,0.00037414
protein,degradation,ubiquitin,proteasom,81.52524685,0.002836952
protein,degradation,ubiquitin,ubiquitin,1.236112197,4.30E-05
protein,degradation,ubiquitin,ubiquitin_protease,4.354323647,0.000151524
protein,folding,,,142.0547097,0.004943284
protein,glycosylation,alpha_13_mannosyl_glycoprotein_beta_12_N_acetylglucosaminyltransferase(GnTI),,2.582661912,8.99E-05
protein,glycosylation,,,2.394851503,8.33E-05
protein,glycosylation,UDP_glucose_glycoprotein_glucosyltransferase,,5.89667545,0.000205195
protein,postranslational_modification,,,50.7923007,0.001767493
protein,postranslational_modification,kinase,receptor_like_cytoplasmatic_kinase_VIII,2.97336043,0.000103468
protein,synthesis,elongation,,354.7719147,0.012345514
protein,synthesis,initiation,,79.67418804,0.002772538
protein,synthesis,release,,5.019953669,0.000174687
protein,synthesis,ribosomal_protein,eukaryotic,226.2728611,0.007873945
protein,synthesis,ribosomal_protein,prokaryotic,80.16766863,0.002789711
protein,synthesis,ribosomal_protein,unknown,1.143362297,3.98E-05
protein,synthesis,ribosome_biogenesis,,1.250502086,4.35E-05
protein,synthesis,ribosome_biogenesis,export_from_nucleus,3.956217215,0.00013767
protein,synthesis,ribosome_biogenesis,Pre_rRNA_processing_and_modifications,3.185667445,0.000110856
protein,targeting,chloroplast,,42.49281817,0.001478684
protein,targeting,,,6.570048413,0.000228628
protein,targeting,mitochondria,,18.98979954,0.000660816
protein,targeting,nucleus,,24.07798626,0.000837877
protein,targeting,peroxisomes,,1.609976294,5.60E-05
protein,targeting,secretory_pathway,golgi,3.553050028,0.000123641
protein,targeting,secretory_pathway,plasma_membrane,0.186879893,6.50E-06
protein,targeting,secretory_pathway,unspecified,34.17998989,0.001189411
protein,targeting,secretory_pathway,vacuole,2.226851026,7.75E-05
protein,targeting,unknown,,0.922176741,3.21E-05
PS,calvin_cycle,aldolase,,564.3926086,0.019639989
PS,calvin_cycle,,,3.689950827,0.000128405
PS,calvin_cycle,FBPase,,48.19075407,0.001676964
PS,calvin_cycle,GAP,,1132.292138,0.039402014
PS,calvin_cycle,phosphoglycerate_kinase,,420.4485264,0.014630958
PS,calvin_cycle,PRK,,146.7249489,0.005105801
PS,calvin_cycle,Rib5P_Isomerase,,7.803727267,0.000271558
PS,calvin_cycle,RPE,,30.29454932,0.001054203
PS,calvin_cycle,rubisco_interacting,,810.6609834,0.028209748
PS,calvin_cycle,rubisco_large_subunit,,3001.106926,0.104433877
PS,calvin_cycle,rubisco_small_subunit,,3116.191078,0.108438627
PS,calvin_cycle,seduheptulose_bisphosphatase,,90.69075044,0.003155898
PS,calvin_cycle,TPI,,27.2505384,0.000948277
PS,calvin_cycle,transketolase,,468.0030495,0.016285782
PS,,,,4.038685184,0.00014054
PS,lightreaction,ATP_synthase,alpha_subunit,607.9780817,0.021156696
PS,lightreaction,ATP_synthase,beta_subunit,558.2066137,0.019424726
PS,lightreaction,ATP_synthase,chloroplastic_subunit_a,5.314987063,0.000184953
PS,lightreaction,ATP_synthase,delta_chain,56.98872995,0.00198312
PS,lightreaction,ATP_synthase,epsilon_chain,22.22340997,0.00077334
PS,lightreaction,ATP_synthase,gamma_chain,91.69638611,0.003190892
PS,lightreaction,ATP_synthase,subunit_B_(ATPF),25.7925741,0.000897542
PS,lightreaction,ATP_synthase,subunit_B__(ATPX),24.84416316,0.000864538
PS,lightreaction,cyclic_electron_flow_chlororespiration,,33.07581356,0.001150987
PS,lightreaction,cytochrome_b6/f,apocytochrome_f_(CYF),91.96224889,0.003200144
PS,lightreaction,cytochrome_b6/f,cytochrome_b6_(CYB6),42.04206962,0.001462999
PS,lightreaction,cytochrome_b6/f,,97.74630935,0.00340142
PS,lightreaction,NADH_DH,,5.706008049,0.00019856
PS,lightreaction,other_electron_carrier_(ox/red),ferredoxin,77.67306663,0.002702903
PS,lightreaction,other_electron_carrier_(ox/red),ferredoxin_oxireductase,1.879641205,6.54E-05
PS,lightreaction,other_electron_carrier_(ox/red),ferredoxin_reductase,158.8192412,0.005526664
PS,lightreaction,photosystem_I,LHC_I,287.5602958,0.010006653
PS,lightreaction,photosystem_I,PSI_polypeptide_subunits,680.8324702,0.023691916
PS,lightreaction,photosystem_II,biogenesis,8.539966492,0.000297178
PS,lightreaction,photosystem_II,LHC_II,1387.925788,0.04829767
PS,lightreaction,photosystem_II,PSII_polypeptide_subunits,2186.557589,0.076088821
PS,lightreaction,state_transition,,1.940727954,6.75E-05
PS,photorespiration,aminotransferases_peroxisomal,,188.2633272,0.006551272
PS,photorespiration,,,0.907720756,3.16E-05
PS,photorespiration,glycerate_kinase,,6.744712645,0.000234706
PS,photorespiration,glycine_cleavage,H_protein,61.60458562,0.002143744
PS,photorespiration,glycine_cleavage,P_subunit,309.232654,0.010760818
PS,photorespiration,glycolate_oxydase,,209.8803417,0.007303511
PS,photorespiration,hydroxypyruvate_reductase,,65.72472277,0.002287119
PS,photorespiration,phosphoglycolate_phosphatase,,31.27918667,0.001088467
PS,photorespiration,serine_hydroxymethyltransferase,,140.531942,0.004890294
redox,ascorbate_and_glutathione,ascorbate,,125.5515564,0.004369
redox,ascorbate_and_glutathione,ascorbate,GME,8.207521784,0.000285609
redox,ascorbate_and_glutathione,ascorbate,L_Galactono_14_lactone_dehydrogenase,2.014392008,7.01E-05
redox,ascorbate_and_glutathione,ascorbate,L_galactose_dehydrogenase,0.545373528,1.90E-05
redox,ascorbate_and_glutathione,,,23.91286684,0.000832131
redox,ascorbate_and_glutathione,glutathione,,35.61578519,0.001239374
redox,dismutases_and_catalases,,,157.3558287,0.005475739
redox,glutaredoxins,,,1.817610334,6.33E-05
redox,heme,,,1.671410002,5.82E-05
redox,misc,,,3.852197797,0.000134051
redox,peroxiredoxin,BAS1,,188.4212119,0.006556767
redox,peroxiredoxin,,,85.12658659,0.002962273
redox,thioredoxin,,,59.45224616,0.002068846
redox,thioredoxin,PDIL,,14.27826754,0.000496862
RNA,processing,3_end,,0.146098758,5.08E-06
RNA,processing,,,16.44835016,0.000572377
RNA,processing,plastidial_RNA,RNE_Complex,0.625536662,2.18E-05
RNA,processing,ribonucleases,,2.592913589,9.02E-05
RNA,processing,RNA_helicase,,18.1216903,0.000630607
RNA,processing,splicing,,18.20634338,0.000633553
RNA,regulation_of_transcription,AtSR_Transcription_Factor_family,,1.811457102,6.30E-05
RNA,regulation_of_transcription,bZIP_transcription_factor_family,,0.622925664,2.17E-05
RNA,regulation_of_transcription,C2H2_zinc_finger_family,,4.739398533,0.000164924
RNA,regulation_of_transcription,C3H_zinc_finger_family,,1.199031699,4.17E-05
RNA,regulation_of_transcription,CCAAT_box_binding_factor_family,,0.742445846,2.58E-05
RNA,regulation_of_transcription,,,0.981225595,3.41E-05
RNA,regulation_of_transcription,General_Transcription,,6.587894874,0.000229249
RNA,regulation_of_transcription,GRP,,1.435281513,4.99E-05
RNA,regulation_of_transcription,HB,,2.502477153,8.71E-05
RNA,regulation_of_transcription,HDA,,1.219135386,4.24E-05
RNA,regulation_of_transcription,HSF,,1.197110099,4.17E-05
RNA,regulation_of_transcription,MYB_domain_transcription_factor_family,,0.749594192,2.61E-05
RNA,regulation_of_transcription,Orphan_family,,4.84331605,0.00016854
RNA,regulation_of_transcription,putative_transcription_regulator,,8.026556308,0.000279312
RNA,regulation_of_transcription,SET_domain_transcriptional_regulator_family,,1.583396929,5.51E-05
RNA,regulation_of_transcription,SNF7,,0.859778723,2.99E-05
RNA,regulation_of_transcription,unclassified,,189.2030136,0.006583972
RNA,regulation_of_transcription,Zn_finger(CCHC),,2.432744953,8.47E-05
RNA,RNA_binding,,,88.34990718,0.00307444
RNA,transcription,,,21.46705345,0.00074702
S_assimilation,APR,,,1.580588608,5.50E-05
S_assimilation,ATPS,,,3.9318956,0.000136824
S_assimilation,sulfite_redox,,,47.81230163,0.001663794
secondary_metabolism,flavonoids,anthocyanins,anthocyanidin_reductase,2.087042508,7.26E-05
secondary_metabolism,flavonoids,anthocyanins,leucocyanidin_dioxygenase,1.710159678,5.95E-05
secondary_metabolism,flavonoids,chalcones,,13.02952026,0.000453407
secondary_metabolism,flavonoids,chalcones,naringenin_chalcone_synthase,2.752300818,9.58E-05
secondary_metabolism,flavonoids,dihydroflavonols,dihydroflavonol_4_reductase,3.16282088,0.000110061
secondary_metabolism,flavonoids,dihydroflavonols,,3.167491286,0.000110224
secondary_metabolism,flavonoids,dihydroflavonols,flavanone_3_hydroxylase,2.196608341,7.64E-05
secondary_metabolism,flavonoids,dihydroflavonols,flavonoid_3_monooxygenase,2.108753709,7.34E-05
secondary_metabolism,flavonoids,flavonols,,4.030345295,0.00014025
secondary_metabolism,flavonoids,flavonols,flavonol_3_O_glycosyltransferase,1.62200314,5.64E-05
secondary_metabolism,flavonoids,flavonols,flavonol_3_O_rhamnosyltransferase,0.485477456,1.69E-05
secondary_metabolism,flavonoids,isoflavones,isoflavone_reductase,31.56391464,0.001098375
secondary_metabolism,isoprenoids,carotenoids,carotenoid_cleavage_dioxygenase,15.14489837,0.000527019
secondary_metabolism,isoprenoids,carotenoids,carotenoid_epsilon_ring_hydroxylase,0.837826788,2.92E-05
secondary_metabolism,isoprenoids,carotenoids,carotenoid_isomerase,0.258587461,9.00E-06
secondary_metabolism,isoprenoids,carotenoids,,2.640646429,9.19E-05
secondary_metabolism,isoprenoids,carotenoids,phytoene_dehydrogenase,1.942901765,6.76E-05
secondary_metabolism,isoprenoids,carotenoids,violaxanthin_de_epoxidase,4.12719513,0.00014362
secondary_metabolism,isoprenoids,mevalonate_pathway,farnesyl_pyrophosphate_synthetase,1.195154761,4.16E-05
secondary_metabolism,isoprenoids,mevalonate_pathway,HMG_CoA_synthase,2.694166112,9.38E-05
secondary_metabolism,isoprenoids,mevalonate_pathway,isopentenyl_pyrophosphate:dimethyllallyl_pyrophosphate_isomerase,6.024343085,0.000209638
secondary_metabolism,isoprenoids,mevalonate_pathway,mevalonate_diphosphate_decarboxylase,1.622112356,5.64E-05
secondary_metabolism,isoprenoids,mevalonate_pathway,phosphomevalonate_kinase,0.218235673,7.59E-06
secondary_metabolism,isoprenoids,non_mevalonate_pathway,CMK,1.457391742,5.07E-05
secondary_metabolism,isoprenoids,non_mevalonate_pathway,CMS,2.110859547,7.35E-05
secondary_metabolism,isoprenoids,non_mevalonate_pathway,DXR,4.381371729,0.000152465
secondary_metabolism,isoprenoids,non_mevalonate_pathway,,5.048136621,0.000175667
secondary_metabolism,isoprenoids,non_mevalonate_pathway,geranylgeranyl_pyrophosphate_synthase,0.103878666,3.61E-06
secondary_metabolism,isoprenoids,non_mevalonate_pathway,HDR,4.14169293,0.000144125
secondary_metabolism,isoprenoids,non_mevalonate_pathway,HDS,7.936399063,0.000276174
secondary_metabolism,isoprenoids,non_mevalonate_pathway,MCS,0.959035946,3.34E-05
secondary_metabolism,isoprenoids,terpenoids,,49.04376528,0.001706647
secondary_metabolism,isoprenoids,tocopherol_biosynthesis,hydroxyphenylpyruvate_dioxygenase,1.560211849,5.43E-05
secondary_metabolism,isoprenoids,tocopherol_biosynthesis,MPBQ/MSBQ_methyltransferase,13.18686914,0.000458883
secondary_metabolism,isoprenoids,tocopherol_biosynthesis,tocopherol_cyclase,2.639727935,9.19E-05
secondary_metabolism,isoprenoids,tocopherol_biosynthesis,tocopherol_methyltransferase,1.079876411,3.76E-05
secondary_metabolism,N_misc,alkaloid_like,,2.651407788,9.23E-05
secondary_metabolism,N_misc,betaine,betaine_aldehyde_dehydrogenase,4.264819974,0.000148409
secondary_metabolism,N_misc,cyanogenic_glycosides,cyanase,0.253686648,8.83E-06
secondary_metabolism,phenylpropanoids,,,6.515897544,0.000226743
secondary_metabolism,phenylpropanoids,lignin_biosynthesis,4CL,6.026068041,0.000209698
secondary_metabolism,phenylpropanoids,lignin_biosynthesis,C4H,1.118348536,3.89E-05
secondary_metabolism,phenylpropanoids,lignin_biosynthesis,CAD,19.51336,0.000679035
secondary_metabolism,phenylpropanoids,lignin_biosynthesis,CCoAOMT,2.566110099,8.93E-05
secondary_metabolism,phenylpropanoids,lignin_biosynthesis,CCR1,1.634408299,5.69E-05
secondary_metabolism,phenylpropanoids,lignin_biosynthesis,COMT,10.45995912,0.00036399
secondary_metabolism,phenylpropanoids,lignin_biosynthesis,HCT,0.407435939,1.42E-05
secondary_metabolism,phenylpropanoids,lignin_biosynthesis,PAL,4.14232179,0.000144146
secondary_metabolism,sulfur_containing,glucosinolates,degradation,0.602683498,2.10E-05
secondary_metabolism,sulfur_containing,glucosinolates,synthesis,10.38675518,0.000361443
secondary_metabolism,wax,,,0.551337522,1.92E-05
signalling,14_3_3_proteins,,,37.18276316,0.001293903
signalling,calcium,,,17.84038673,0.000620818
signalling,G_proteins,,,47.77162994,0.001662379
signalling,in_sugar_and_nutrient_physiology,,,3.307220191,0.000115086
signalling,light,COP9_signalosome,,2.722179468,9.47E-05
signalling,light,,,29.98248424,0.001043344
signalling,misc,,,1.667699534,5.80E-05
signalling,phosphinositides,inositol_13,,0.469379846,1.63E-05
signalling,phosphinositides,phosphoinositide_phospholipase_C,,1.19029875,4.14E-05
signalling,receptor_kinases,leucine_rich_repeat_VIII,VIII_2,0.329425298,1.15E-05
signalling,receptor_kinases,leucine_rich_repeat_X,,0.286865979,9.98E-06
signalling,receptor_kinases,misc,,7.650358987,0.000266221
stress,abiotic,cold,,3.82847125,0.000133225
stress,abiotic,drought/salt,,14.48833918,0.000504172
stress,abiotic,,,20.39711005,0.000709788
stress,abiotic,heat,,451.9821141,0.015728278
stress,abiotic,light,,6.225189171,0.000216627
stress,abiotic,unspecified,,170.8567139,0.005945549
stress,biotic,,,35.12940825,0.001222449
stress,biotic,PR_proteins,,8.697474001,0.000302659
stress,,,,8.363730655,0.000291045
TCA_/_org_transformation,carbonic_anhydrases,,,569.5233984,0.019818533
TCA_/_org_transformation,other_organic_acid_transformatons,atp_citrate_lyase,,11.32017023,0.000393924
TCA_/_org_transformation,other_organic_acid_transformatons,cyt_MDH,,68.72306748,0.002391456
TCA_/_org_transformation,other_organic_acid_transformatons,IDH,,7.339540702,0.000255405
TCA_/_org_transformation,other_organic_acid_transformatons,malic,,26.63676376,0.000926918
TCA_/_org_transformation,other_organic_acid_transformatons,misc,,2.292061639,7.98E-05
TCA_/_org_transformation,TCA,2_oxoglutarate_dehydrogenase,,15.13776476,0.000526771
TCA_/_org_transformation,TCA,aconitase,,48.33866279,0.001682111
TCA_/_org_transformation,TCA,CS,,10.19530957,0.000354781
TCA_/_org_transformation,TCA,fumarase,,3.08760653,0.000107444
TCA_/_org_transformation,TCA,IDH,,20.20626952,0.000703147
TCA_/_org_transformation,TCA,malate_DH,,42.28263249,0.00147137
TCA_/_org_transformation,TCA,pyruvate_DH,E1,13.08496175,0.000455336
TCA_/_org_transformation,TCA,pyruvate_DH,E2,7.7002488,0.000267957
TCA_/_org_transformation,TCA,pyruvate_DH,E3,48.87593379,0.001700807
TCA_/_org_transformation,TCA,succinate_dehydrogenase,,8.358839678,0.000290875
TCA_/_org_transformation,TCA,succinyl_CoA_ligase,,11.03728075,0.00038408
tetrapyrrole_synthesis,ALA_dehydratase,,,2.935871307,0.000102164
tetrapyrrole_synthesis,chlorophyll_synthase,,,1.767432655,6.15E-05
tetrapyrrole_synthesis,coproporphyrinogen_III_oxidase,,,3.61806704,0.000125903
tetrapyrrole_synthesis,divinyl_chlorophyllide_a_8_vinyl_reductase,,,0.113637682,3.95E-06
tetrapyrrole_synthesis,glu_tRNA_synthetase,,,2.00453675,6.98E-05
tetrapyrrole_synthesis,GSA,,,13.15226146,0.000457678
tetrapyrrole_synthesis,magnesium_chelatase,,,5.840175443,0.000203229
tetrapyrrole_synthesis,magnesium_protoporphyrin_IX_methyltransferase,,,1.490967073,5.19E-05
tetrapyrrole_synthesis,magnesium_protoporphyrin_IX_monomethyl_ester_(oxidative)_cyclase,,,4.678075595,0.00016279
tetrapyrrole_synthesis,porphobilinogen_deaminase,,,3.5360783,0.00012305
tetrapyrrole_synthesis,protochlorophyllide_reductase,,,3.01070717,0.000104768
tetrapyrrole_synthesis,protoporphyrin_IX_oxidase,,,1.571456874,5.47E-05
tetrapyrrole_synthesis,regulation,,,0.320253071,1.11E-05
tetrapyrrole_synthesis,unspecified,,,3.455050669,0.00012023
tetrapyrrole_synthesis,uroporphyrinogen_decarboxylase,,,1.999635601,6.96E-05
transport,ABC_transporters_and_multidrug_resistance_systems,,,21.5518105,0.00074997
transport,amino_acids,,,4.263524188,0.000148364
transport,ammonium,,,6.6777271,0.000232375
transport,calcium,,,2.840855728,9.89E-05
transport,H+_transporting_pyrophosphatase,,,47.60618339,0.001656622
transport,Major_Intrinsic_Proteins,PIP,,29.74459177,0.001035066
transport,Major_Intrinsic_Proteins,TIP,,1.019880463,3.55E-05
transport,metabolite_transporters_at_the_envelope_membrane,,,62.00644753,0.002157728
transport,metabolite_transporters_at_the_mitochondrial_membrane,,,100.9931451,0.003514405
transport,metal,,,0.510134288,1.78E-05
transport,misc,,,7.248759302,0.000252246
transport,p__and_v_ATPases,,,78.38121644,0.002727545
transport,p__and_v_ATPases,H+_transporting_two_sector_ATPase,,4.702551788,0.000163642
transport,p__and_v_ATPases,H+_transporting_two_sector_ATPase,subunit_B,9.485873759,0.000330094
transport,p__and_v_ATPases,H+_transporting_two_sector_ATPase,subunit_H,0.609272084,2.12E-05
transport,peptides_and_oligopeptides,,,3.592511948,0.000125014
transport,phosphate,,,4.413750665,0.000153592
transport,porins,,,43.56910994,0.001516138
transport,potassium,,,6.593418228,0.000229441
transport,sugars,,,12.6021895,0.000438537
transport,unspecified_anions,arsenite_transporting_ATPase,,4.085761434,0.000142178
transport,unspecified_anions,,,2.582967529,8.99E-05
transport,unspecified_cations,,,0.208514255,7.26E-06
